ModuleCode,ClassNo,LessonType,DayCode,DayText,StartTime,EndTime,Venue,AcadYear,Semester
LAC3201,T01,TUTORIAL,1,Monday,800,1000,AS1-0201,2013/2014,1
NM4204,1,SEMINAR-STYLE MODULE CLASS,1,Monday,1200,1500,AS1-0201,2013/2014,1
ECA5333,1,SECTIONAL TEACHING,1,Monday,1900,2100,AS1-0201,2013/2014,1
EC4372,W01,TUTORIAL,2,Tuesday,1200,1300,AS1-0201,2013/2014,1
LAK2201,T4,TUTORIAL,3,Wednesday,1800,2000,AS1-0201,2013/2014,1
EC3382,W02,TUTORIAL,3,Wednesday,1300,1400,AS1-0203,2013/2014,1
EC3382,W03,TUTORIAL,3,Wednesday,1400,1500,AS1-0203,2013/2014,1
CL2204,E2,TUTORIAL,4,Thursday,1200,1400,AS1-0203,2013/2014,1
LAF3201,T7,TUTORIAL,5,Friday,1200,1400,AS1-0203,2013/2014,1
EC4396,1,SEMINAR-STYLE MODULE CLASS,5,Friday,1500,1800,AS1-0203,2013/2014,1
SC3221,D3,TUTORIAL,1,Monday,1200,1400,AS1-0204,2013/2014,1
HY2251,E1,TUTORIAL,1,Monday,1400,1600,AS1-0204,2013/2014,1
LAT1201,W4,TUTORIAL,1,Monday,1800,2000,AS1-0204,2013/2014,1
HY2250,E1,TUTORIAL,2,Tuesday,1000,1200,AS1-0204,2013/2014,1
CH3243,D2,TUTORIAL,2,Tuesday,1200,1400,AS1-0204,2013/2014,1
SN1101E,D6,TUTORIAL,2,Tuesday,1400,1600,AS1-0204,2013/2014,1
HY2249,E2,TUTORIAL,2,Tuesday,1600,1800,AS1-0204,2013/2014,1
HY2250,E2,TUTORIAL,4,Thursday,1000,1200,AS1-0204,2013/2014,1
SN1101E,D8,TUTORIAL,4,Thursday,1200,1400,AS1-0204,2013/2014,1
GEK1035,D3,TUTORIAL,4,Thursday,1600,1800,AS1-0204,2013/2014,1
HY3250,D1,TUTORIAL,5,Friday,1200,1400,AS1-0204,2013/2014,1
LAJ2203,A3,TUTORIAL,1,Monday,1600,1800,AS1-0205,2013/2014,1
LAJ2203,A4,TUTORIAL,2,Tuesday,1400,1600,AS1-0205,2013/2014,1
HY2220,E1,TUTORIAL,4,Thursday,1000,1200,AS1-0205,2013/2014,1
SC2208,D3,TUTORIAL,4,Thursday,1400,1600,AS1-0205,2013/2014,1
EU3224,D1,TUTORIAL,5,Friday,800,1000,AS1-0205,2013/2014,1
EC3314,W04,TUTORIAL,5,Friday,1000,1100,AS1-0205,2013/2014,1
LAJ1201,C13,TUTORIAL TYPE 3,5,Friday,1300,1400,AS1-0205,2013/2014,1
GEK1053,E1,TUTORIAL,1,Monday,1000,1200,AS1-0207,2013/2014,1
GEK1053,E3,TUTORIAL,2,Tuesday,1000,1200,AS1-0207,2013/2014,1
GEK1053,E5,TUTORIAL,2,Tuesday,1600,1800,AS1-0207,2013/2014,1
LAK4201,T2,TUTORIAL,2,Tuesday,1800,2000,AS1-0207,2013/2014,1
GEK1053,E7,TUTORIAL,3,Wednesday,1400,1600,AS1-0207,2013/2014,1
SC3223,D3,TUTORIAL,4,Thursday,1200,1400,AS1-0207,2013/2014,1
LAJ3201,C2,TUTORIAL TYPE 3,5,Friday,1100,1200,AS1-0207,2013/2014,1
SC3205,E2,TUTORIAL,3,Wednesday,1600,1800,AS1-0208,2013/2014,1
SC2215,D3,TUTORIAL,4,Thursday,1000,1200,AS1-0208,2013/2014,1
SC1101E,D5,TUTORIAL,5,Friday,1200,1400,AS1-0208,2013/2014,1
LAJ2203,B2,TUTORIAL TYPE 2,2,Tuesday,800,1000,AS1-0209,2013/2014,1
LAJ3203,B2,TUTORIAL TYPE 2,2,Tuesday,1600,1800,AS1-0209,2013/2014,1
HY2220,E2,TUTORIAL,4,Thursday,1200,1400,AS1-0209,2013/2014,1
SC3101,D5,TUTORIAL,5,Friday,1400,1600,AS1-0209,2013/2014,1
LAT1201,W7,TUTORIAL,2,Tuesday,800,1000,AS1-0210,2013/2014,1
SW1101E,E5,TUTORIAL,2,Tuesday,1400,1600,AS1-0210,2013/2014,1
LAK4201,T2,TUTORIAL,2,Tuesday,1800,2000,AS1-0210,2013/2014,1
SC3205,E3,TUTORIAL,3,Wednesday,1400,1600,AS1-0210,2013/2014,1
LAT1201,W4,TUTORIAL,3,Wednesday,1600,1800,AS1-0210,2013/2014,1
LAJ2203,C3,TUTORIAL TYPE 3,5,Friday,900,1000,AS1-0210,2013/2014,1
SC3225,D3,TUTORIAL,2,Tuesday,1400,1600,AS1-0213,2013/2014,1
SC3205,D1,TUTORIAL,4,Thursday,1400,1600,AS1-0213,2013/2014,1
LAR2201,T3,TUTORIAL,4,Thursday,1600,1800,AS1-0213,2013/2014,1
LAJ2201,C10,TUTORIAL TYPE 3,5,Friday,1000,1100,AS1-0213,2013/2014,1
SC1101E,E9,TUTORIAL,5,Friday,1200,1400,AS1-0213,2013/2014,1
SC3101,E5,TUTORIAL,5,Friday,1400,1600,AS1-0213,2013/2014,1
LAR3201,1,LECTURE,1,Monday,1800,2000,AS1-0301,2013/2014,1
PL3239,D4,TUTORIAL,4,Thursday,1800,2000,AS1-0301,2013/2014,1
SN3232,1,SEMINAR-STYLE MODULE CLASS,2,Tuesday,1000,1300,AS1-0302,2013/2014,1
PH3247,1,SEMINAR-STYLE MODULE CLASS,1,Monday,1200,1500,AS1-0303,2013/2014,1
LAG1201,5,LECTURE,3,Wednesday,1000,1200,AS1-0303,2013/2014,1
LAG1201,5,LECTURE,5,Friday,1000,1200,AS1-0303,2013/2014,1
EC4101,1,SEMINAR-STYLE MODULE CLASS,1,Monday,1400,1700,AS1-0304,2013/2014,1
EC2101,W05,TUTORIAL,1,Monday,1700,1800,AS1-0304,2013/2014,1
NM2219,W3,TUTORIAL,2,Tuesday,1800,1900,AS1-0304,2013/2014,1
LAR4201,1,LECTURE,5,Friday,1800,2000,AS1-0304,2013/2014,1
HY2220,E3,TUTORIAL,5,Friday,1600,1800,AS1-0548,2013/2014,1
GE2222,DO2,TUTORIAL,1,Monday,1200,1400,AS2-0203,2013/2014,1
GE2226,E1,TUTORIAL,1,Monday,1600,1800,AS2-0203,2013/2014,1
GE3210,DO1,TUTORIAL,2,Tuesday,1200,1400,AS2-0203,2013/2014,1
GE2226,E4,TUTORIAL,2,Tuesday,1600,1800,AS2-0203,2013/2014,1
GE3201,E4,TUTORIAL,3,Wednesday,1200,1400,AS2-0203,2013/2014,1
GE3241,E2,TUTORIAL,3,Wednesday,1600,1800,AS2-0203,2013/2014,1
GE2221,E5,TUTORIAL,4,Thursday,1800,2000,AS2-0203,2013/2014,1
GE2229,E1,LECTURE,2,Tuesday,800,1000,AS2-0204,2013/2014,1
GE2229,E2,LECTURE,2,Tuesday,1000,1200,AS2-0204,2013/2014,1
GE3201,E3,TUTORIAL,2,Tuesday,1200,1400,AS2-0204,2013/2014,1
GE2229,E4,LECTURE,3,Wednesday,1000,1200,AS2-0204,2013/2014,1
GE2229,E5,LECTURE,3,Wednesday,1200,1400,AS2-0204,2013/2014,1
GE2229,E6,LECTURE,4,Thursday,1200,1400,AS2-0204,2013/2014,1
GE3210,DO3,TUTORIAL,4,Thursday,1400,1600,AS2-0204,2013/2014,1
GE2229,E7,LECTURE,4,Thursday,1600,1800,AS2-0204,2013/2014,1
GE3219,DO3,TUTORIAL,5,Friday,1000,1200,AS2-0204,2013/2014,1
LAM1201,A2,TUTORIAL,1,Monday,1800,2000,AS2-0311,2013/2014,1
SC3226,D1,TUTORIAL,2,Tuesday,1000,1200,AS2-0311,2013/2014,1
SC2218,D3,TUTORIAL,2,Tuesday,1200,1400,AS2-0311,2013/2014,1
LAJ2201,A8,TUTORIAL,2,Tuesday,1400,1600,AS2-0311,2013/2014,1
LAJ2201,A9,TUTORIAL,2,Tuesday,1600,1800,AS2-0311,2013/2014,1
LAM1201,A5,TUTORIAL,2,Tuesday,1800,2000,AS2-0311,2013/2014,1
LAJ2203,B4,TUTORIAL TYPE 2,4,Thursday,1000,1200,AS2-0311,2013/2014,1
SC2208,D2,TUTORIAL,4,Thursday,1200,1400,AS2-0311,2013/2014,1
LAL1201,TB1,TUTORIAL TYPE 2,4,Thursday,1700,1800,AS2-0311,2013/2014,1
LAR1201,T1,TUTORIAL,5,Friday,800,1000,AS2-0311,2013/2014,1
LAJ2201,C9,TUTORIAL TYPE 3,5,Friday,1500,1600,AS2-0311,2013/2014,1
EC2104,W03,TUTORIAL,2,Tuesday,1100,1200,AS2-0312,2013/2014,1
EC2104,W04,TUTORIAL,2,Tuesday,1200,1300,AS2-0312,2013/2014,1
EC4102,1,SEMINAR-STYLE MODULE CLASS,2,Tuesday,1300,1600,AS2-0312,2013/2014,1
EC4303,1,SEMINAR-STYLE MODULE CLASS,5,Friday,1600,1900,AS2-0312,2013/2014,1
EC3373,W01,TUTORIAL,1,Monday,1700,1800,AS2-0413,2013/2014,1
EC3373,W02,TUTORIAL,1,Monday,1800,1900,AS2-0413,2013/2014,1
EC1101E,W16,TUTORIAL,3,Wednesday,1000,1100,AS2-0509,2013/2014,1
EC4372,W02,TUTORIAL,4,Thursday,1500,1600,AS2-0509,2013/2014,1
EC3333,W08,TUTORIAL,5,Friday,1500,1600,AS2-0509,2013/2014,1
EC3314,W01,TUTORIAL,2,Tuesday,1000,1100,AS2-0510,2013/2014,1
EC3351,W06,TUTORIAL,2,Tuesday,1500,1600,AS2-0510,2013/2014,1
EC4372,W03,TUTORIAL,5,Friday,1500,1600,AS2-0510,2013/2014,1
EC4372,W04,TUTORIAL,5,Friday,1600,1700,AS2-0510,2013/2014,1
EC4372,W04,TUTORIAL,5,Friday,1700,1800,AS2-0510,2013/2014,1
LAK1201,T3,TUTORIAL,2,Tuesday,1400,1600,AS3-0208,2013/2014,1
CH2252,W2,TUTORIAL,3,Wednesday,1600,1700,AS3-0208,2013/2014,1
LAV4201,B1,TUTORIAL,4,Thursday,800,1000,AS3-0208,2013/2014,1
LAL2201,TB1,TUTORIAL TYPE 2,4,Thursday,1800,1900,AS3-0208,2013/2014,1
SC1101E,E2,TUTORIAL,1,Monday,1000,1200,AS3-0209,2013/2014,1
LAJ2203,A2,TUTORIAL,1,Monday,1200,1400,AS3-0209,2013/2014,1
LAJ3203,B1,TUTORIAL TYPE 2,2,Tuesday,1400,1600,AS3-0209,2013/2014,1
SC3205,E1,TUTORIAL,4,Thursday,1400,1600,AS3-0209,2013/2014,1
SC1101E,D17,TUTORIAL,5,Friday,1200,1400,AS3-0209,2013/2014,1
LAG1201,T19,TUTORIAL,5,Friday,1500,1600,AS3-0209,2013/2014,1
LAT3202,1,LECTURE,2,Tuesday,800,1000,AS3-0212,2013/2014,1
LAL2201,TA1,TUTORIAL,3,Wednesday,1400,1600,AS3-0212,2013/2014,1
SC2217,D1,TUTORIAL,5,Friday,1200,1400,AS3-0212,2013/2014,1
EC3373,W03,TUTORIAL,2,Tuesday,1000,1100,AS3-0213,2013/2014,1
EC3373,W04,TUTORIAL,2,Tuesday,1100,1200,AS3-0213,2013/2014,1
SN2231,D1,TUTORIAL,2,Tuesday,1200,1400,AS3-0213,2013/2014,1
LAK4201,T2,TUTORIAL,2,Tuesday,1800,2000,AS3-0213,2013/2014,1
SC2208,E3,TUTORIAL,4,Thursday,1400,1600,AS3-0213,2013/2014,1
SC3101,E1,TUTORIAL,5,Friday,800,1000,AS3-0213,2013/2014,1
LAJ2203,C4,TUTORIAL TYPE 3,5,Friday,1100,1200,AS3-0213,2013/2014,1
SC2215,D4,TUTORIAL,5,Friday,1200,1400,AS3-0213,2013/2014,1
GL2101,D1,TUTORIAL,1,Monday,1600,1800,AS3-0214,2013/2014,1
SN1101E,E6,TUTORIAL,2,Tuesday,1600,1800,AS3-0214,2013/2014,1
SC3101,E1,TUTORIAL,5,Friday,1000,1200,AS3-0214,2013/2014,1
PS2257,E2,TUTORIAL,5,Friday,1200,1400,AS3-0214,2013/2014,1
GEK1053,D1,TUTORIAL,1,Monday,1000,1200,AS3-0215,2013/2014,1
SN1101E,E8,TUTORIAL,1,Monday,1200,1400,AS3-0215,2013/2014,1
GEK1053,D3,TUTORIAL,1,Monday,1400,1600,AS3-0215,2013/2014,1
EC2101,W04,TUTORIAL,1,Monday,1600,1700,AS3-0215,2013/2014,1
GEK1053,D4,TUTORIAL,2,Tuesday,1000,1200,AS3-0215,2013/2014,1
SN1101E,E2,TUTORIAL,2,Tuesday,1200,1400,AS3-0215,2013/2014,1
GEK1053,D6,TUTORIAL,2,Tuesday,1400,1600,AS3-0215,2013/2014,1
GEK1007,E6,TUTORIAL,2,Tuesday,1600,1800,AS3-0215,2013/2014,1
LAB2201,A3,TUTORIAL,2,Tuesday,1800,2000,AS3-0215,2013/2014,1
SN1101E,D7,TUTORIAL,3,Wednesday,1000,1200,AS3-0215,2013/2014,1
CL2260,E3,TUTORIAL,3,Wednesday,1400,1600,AS3-0215,2013/2014,1
EC2104,W08,TUTORIAL,3,Wednesday,1700,1800,AS3-0215,2013/2014,1
GEK1053,D7,TUTORIAL,4,Thursday,1200,1400,AS3-0215,2013/2014,1
SN1101E,D9,TUTORIAL,4,Thursday,1400,1600,AS3-0215,2013/2014,1
GEK1053,D8,TUTORIAL,4,Thursday,1600,1800,AS3-0215,2013/2014,1
LAT2201,A2,TUTORIAL,4,Thursday,1800,2000,AS3-0215,2013/2014,1
SC3223,D1,TUTORIAL,2,Tuesday,1000,1200,AS3-0302,2013/2014,1
GEK1053,E15,TUTORIAL,2,Tuesday,1400,1600,AS3-0302,2013/2014,1
CH2274,D3,TUTORIAL,3,Wednesday,1200,1400,AS3-0302,2013/2014,1
GEK1053,E8,TUTORIAL,4,Thursday,1600,1800,AS3-0302,2013/2014,1
LAV3202,B1,TUTORIAL,5,Friday,1000,1200,AS3-0302,2013/2014,1
MS2210,D1,TUTORIAL,1,Monday,1400,1600,AS3-0303,2013/2014,1
GEK1053,E17,TUTORIAL,3,Wednesday,1000,1200,AS3-0303,2013/2014,1
GEK1053,E19,TUTORIAL,4,Thursday,1400,1600,AS3-0303,2013/2014,1
LAG3201,2,LECTURE,5,Friday,1600,1800,AS3-0303,2013/2014,1
CH2274,D1,TUTORIAL,1,Monday,1200,1400,AS3-0304,2013/2014,1
CH2274,D2,TUTORIAL,1,Monday,1600,1800,AS3-0304,2013/2014,1
LAB2201,C1,TUTORIAL TYPE 3,2,Tuesday,800,900,AS3-0304,2013/2014,1
LAB2201,C2,TUTORIAL TYPE 3,2,Tuesday,900,1000,AS3-0304,2013/2014,1
SC3209,E1,TUTORIAL,3,Wednesday,1000,1200,AS3-0304,2013/2014,1
LAJ1201,B15,TUTORIAL TYPE 2,4,Thursday,800,1000,AS3-0304,2013/2014,1
SC2218,D2,TUTORIAL,3,Wednesday,1200,1400,AS3-0305,2013/2014,1
EC3102,W10,TUTORIAL,4,Thursday,900,1000,AS3-0305,2013/2014,1
LAJ1201,C18,TUTORIAL TYPE 3,5,Friday,900,1000,AS3-0305,2013/2014,1
SC2218,D4,TUTORIAL,2,Tuesday,1000,1200,AS3-0306,2013/2014,1
SC1101E,E19,TUTORIAL,4,Thursday,1600,1800,AS3-0306,2013/2014,1
SC2208,E1,TUTORIAL,5,Friday,1000,1200,AS3-0306,2013/2014,1
SC1101E,E5,TUTORIAL,5,Friday,1200,1400,AS3-0306,2013/2014,1
LAV3201,1,LECTURE,1,Monday,1200,1400,AS3-0307,2013/2014,1
SE5243R,1,SEMINAR-STYLE MODULE CLASS,1,Monday,1900,2100,AS3-0307,2013/2014,1
PLC5005,1,SEMINAR-STYLE MODULE CLASS,2,Tuesday,900,1200,AS3-0307,2013/2014,1
EC1101E,W14,TUTORIAL,3,Wednesday,900,1000,AS3-0307,2013/2014,1
TS4880C,1,SEMINAR-STYLE MODULE CLASS,3,Wednesday,1000,1300,AS3-0307,2013/2014,1
EC1101E,W20,TUTORIAL,3,Wednesday,1300,1400,AS3-0307,2013/2014,1
EC1101E,W25,TUTORIAL,3,Wednesday,1700,1800,AS3-0307,2013/2014,1
LAG3201,3,LECTURE,4,Thursday,800,1000,AS3-0307,2013/2014,1
HY4219,1,SEMINAR-STYLE MODULE CLASS,4,Thursday,1600,1900,AS3-0307,2013/2014,1
LAG3201,2,LECTURE,5,Friday,1600,1800,AS3-0307,2013/2014,1
PS2247,E1,TUTORIAL,1,Monday,1000,1200,AS3-0308,2013/2014,1
PS5313R,1,SEMINAR-STYLE MODULE CLASS,3,Wednesday,1900,2100,AS3-0308,2013/2014,1
PS2247,D2,TUTORIAL,5,Friday,1000,1200,AS3-0308,2013/2014,1
PS6314,1,SEMINAR-STYLE MODULE CLASS,5,Friday,1900,2100,AS3-0308,2013/2014,1
NM3210,W5,TUTORIAL,1,Monday,1500,1600,AS3-0309,2013/2014,1
CH3291,E1,TUTORIAL,1,Monday,1600,1800,AS3-0309,2013/2014,1
LAG3201,1,LECTURE,1,Monday,1800,2000,AS3-0309,2013/2014,1
LAG3201,3,LECTURE,2,Tuesday,800,1000,AS3-0309,2013/2014,1
PS5316R,1,SEMINAR-STYLE MODULE CLASS,2,Tuesday,1900,2100,AS3-0309,2013/2014,1
EC1101E,W19,TUTORIAL,3,Wednesday,1300,1400,AS3-0309,2013/2014,1
EC3382,W04,TUTORIAL,3,Wednesday,1700,1800,AS3-0309,2013/2014,1
PH6540,1,SEMINAR-STYLE MODULE CLASS,4,Thursday,900,1200,AS3-0309,2013/2014,1
SN2273,E1,TUTORIAL,3,Wednesday,1500,1700,AS3-0523,2013/2014,1
LAB1201,7,LECTURE,2,Tuesday,1200,1400,AS4-0109,2013/2014,1
LAB1201,4,LECTURE,4,Thursday,800,1000,AS4-0109,2013/2014,1
LAJ3201,C3,TUTORIAL TYPE 3,5,Friday,1200,1300,AS4-0109,2013/2014,1
NM2103,W3,TUTORIAL,3,Wednesday,1200,1300,AS4-0110,2013/2014,1
NM2103,W3,TUTORIAL,3,Wednesday,1300,1400,AS4-0110,2013/2014,1
NM2103,W5,TUTORIAL,5,Friday,900,1000,AS4-0110,2013/2014,1
LAC4201,T01,TUTORIAL,5,Friday,1200,1400,AS4-0114,2013/2014,1
SC2101,D4,TUTORIAL,2,Tuesday,1000,1200,AS4-0115,2013/2014,1
SC2101,D5,TUTORIAL,2,Tuesday,1400,1600,AS4-0115,2013/2014,1
SC2101,D1,TUTORIAL,4,Thursday,1000,1200,AS4-0115,2013/2014,1
LAV2201,1,LECTURE,4,Thursday,1000,1200,AS4-0116,2013/2014,1
EC3303,E5,TUTORIAL,5,Friday,1000,1200,AS4-0117,2013/2014,1
NM4204,1,SEMINAR-STYLE MODULE CLASS,1,Monday,1200,1500,AS4-0118,2013/2014,1
LAT3202,1,LECTURE,2,Tuesday,800,1000,AS4-0118,2013/2014,1
SE3880,1,SEMINAR-STYLE MODULE CLASS,5,Friday,1000,1200,AS4-0118,2013/2014,1
LAR4201,1,LECTURE,2,Tuesday,1800,2000,AS4-0119,2013/2014,1
TS2234,1,SEMINAR-STYLE MODULE CLASS,5,Friday,900,1200,AS4-0119,2013/2014,1
CH4224,1,SEMINAR-STYLE MODULE CLASS,1,Monday,1000,1300,AS4-0206,2013/2014,1
MS2215,1,LECTURE,1,Monday,1600,1800,AS4-0206,2013/2014,1
EC5322R,1,SECTIONAL TEACHING,4,Thursday,1900,2100,AS4-0206,2013/2014,1
ECA5325,2,SECTIONAL TEACHING,5,Friday,1900,2100,AS4-0206,2013/2014,1
PL6209,1,SEMINAR-STYLE MODULE CLASS,4,Thursday,1900,2200,AS4-0208,2013/2014,1
JS5202R,1,SEMINAR-STYLE MODULE CLASS,3,Wednesday,1000,1300,AS4-0335,2013/2014,1
LAV2201,1,LECTURE,2,Tuesday,1400,1600,AS4-0513,2013/2014,1
LAV2201,1,LECTURE,4,Thursday,1000,1200,AS4-0513,2013/2014,1
EC3373,W01,TUTORIAL,1,Monday,1400,1500,AS4-0601,2013/2014,1
EC3373,W02,TUTORIAL,1,Monday,1500,1600,AS4-0601,2013/2014,1
SC3226,E2,TUTORIAL,2,Tuesday,1200,1400,AS4-0601,2013/2014,1
LAJ1201,A19,TUTORIAL,2,Tuesday,1400,1600,AS4-0601,2013/2014,1
SC3226,E3,TUTORIAL,3,Wednesday,1200,1400,AS4-0601,2013/2014,1
LAJ2203,B3,TUTORIAL TYPE 2,3,Wednesday,1600,1800,AS4-0601,2013/2014,1
LAF1201,T14,TUTORIAL,4,Thursday,1600,1800,AS4-0601,2013/2014,1
LAJ3201,C1,TUTORIAL TYPE 3,5,Friday,900,1000,AS4-0601,2013/2014,1
LAM3201,T1,TUTORIAL,5,Friday,1000,1200,AS4-0601,2013/2014,1
LAJ1201,A1,TUTORIAL,1,Monday,800,1000,AS4-0602,2013/2014,1
LAJ1201,A20,TUTORIAL,2,Tuesday,1400,1600,AS4-0602,2013/2014,1
LAJ1201,A22,TUTORIAL,2,Tuesday,1600,1800,AS4-0602,2013/2014,1
LAJ3201,B3,TUTORIAL TYPE 2,4,Thursday,1600,1800,AS4-0602,2013/2014,1
LAJ2203,C3,TUTORIAL TYPE 3,5,Friday,900,1000,AS4-0602,2013/2014,1
LAJ2203,C1,TUTORIAL TYPE 3,5,Friday,1200,1300,AS4-0602,2013/2014,1
LAJ1201,C16,TUTORIAL TYPE 3,5,Friday,1400,1500,AS4-0602,2013/2014,1
LAJ1201,C17,TUTORIAL TYPE 3,5,Friday,1500,1600,AS4-0602,2013/2014,1
LAJ1201,C21,TUTORIAL TYPE 3,5,Friday,1600,1700,AS4-0602,2013/2014,1
LAJ1201,C23,TUTORIAL TYPE 3,5,Friday,1700,1800,AS4-0602,2013/2014,1
SC3226,D2,TUTORIAL,2,Tuesday,1200,1400,AS4-0603,2013/2014,1
LAJ3201,A3,TUTORIAL,2,Tuesday,1600,1800,AS4-0603,2013/2014,1
SC3209,E2,TUTORIAL,3,Wednesday,1400,1600,AS4-0603,2013/2014,1
LAR1201,T5,TUTORIAL,4,Thursday,1600,1800,AS4-0603,2013/2014,1
LAJ1201,C18,TUTORIAL TYPE 3,5,Friday,1500,1600,AS4-0603,2013/2014,1
PL3242,E3,TUTORIAL,3,Wednesday,1800,2000,AS4-B107,2013/2014,1
PL3242,E5,TUTORIAL,4,Thursday,1800,2000,AS4-B107,2013/2014,1
PL3254,D4,TUTORIAL,5,Friday,1000,1200,AS4-B107,2013/2014,1
SW2104,D5,TUTORIAL,2,Tuesday,1600,1800,AS4-B109,2013/2014,1
SW3211,D2,TUTORIAL,5,Friday,1200,1400,AS4-B109,2013/2014,1
SW1101E,E2,TUTORIAL,2,Tuesday,1600,1800,AS4-B110,2013/2014,1
SW1101E,E4,TUTORIAL,5,Friday,1200,1400,AS4-B110,2013/2014,1
GEK1000,W11,TUTORIAL,4,Thursday,1300,1400,AS5-0202,2013/2014,1
GEK1000,W12,TUTORIAL,4,Thursday,1400,1500,AS5-0202,2013/2014,1
EN3243,W2,TUTORIAL,1,Monday,1500,1600,AS5-0205,2013/2014,1
EN6881,1,SEMINAR-STYLE MODULE CLASS,1,Monday,1800,2100,AS5-0205,2013/2014,1
GEK1000,W7,TUTORIAL,3,Wednesday,900,1000,AS5-0205,2013/2014,1
GEK1000,W8,TUTORIAL,3,Wednesday,1000,1100,AS5-0205,2013/2014,1
GEK1000,W13,TUTORIAL,5,Friday,1000,1100,AS5-0205,2013/2014,1
GEK1000,W14,TUTORIAL,5,Friday,1100,1200,AS5-0205,2013/2014,1
EL3201,W1,TUTORIAL,3,Wednesday,1000,1100,AS5-0309,2013/2014,1
EL3201,W2,TUTORIAL,3,Wednesday,1100,1200,AS5-0309,2013/2014,1
GEK1000,W9,TUTORIAL,3,Wednesday,1300,1400,AS5-0309,2013/2014,1
GEK1000,W10,TUTORIAL,3,Wednesday,1400,1500,AS5-0309,2013/2014,1
GEK1000,W15,TUTORIAL,5,Friday,1400,1500,AS5-0309,2013/2014,1
GEK1000,W16,TUTORIAL,5,Friday,1500,1600,AS5-0309,2013/2014,1
LAB4201,A1,TUTORIAL,2,Tuesday,1400,1600,AS6-0204,2013/2014,1
LAV3202,A1,TUTORIAL,2,Tuesday,1600,1800,AS6-0204,2013/2014,1
LAT3201,A2,TUTORIAL,2,Tuesday,1800,2000,AS6-0204,2013/2014,1
LAV1201,T1,TUTORIAL,3,Wednesday,1000,1100,AS6-0204,2013/2014,1
LAV3201,T1,TUTORIAL,3,Wednesday,1100,1200,AS6-0204,2013/2014,1
LAF4201,T1,TUTORIAL,4,Thursday,1000,1200,AS6-0204,2013/2014,1
LAB3201,C2,TUTORIAL TYPE 3,4,Thursday,1800,2000,AS6-0204,2013/2014,1
LAF3201,T7,TUTORIAL,5,Friday,1200,1400,AS6-0204,2013/2014,1
LAR4201,1,LECTURE,5,Friday,1800,2000,AS6-0204,2013/2014,1
LAV2201,T1,TUTORIAL,1,Monday,1200,1300,AS6-0205,2013/2014,1
LAV2201,T2,TUTORIAL,1,Monday,1700,1800,AS6-0205,2013/2014,1
LAF3201,T4,TUTORIAL,2,Tuesday,1600,1800,AS6-0205,2013/2014,1
LAV4201,A1,TUTORIAL,3,Wednesday,1600,1800,AS6-0205,2013/2014,1
LAB4201,B1,TUTORIAL TYPE 2,4,Thursday,1000,1200,AS6-0205,2013/2014,1
LAT1201,W7,TUTORIAL,4,Thursday,1800,2000,AS6-0205,2013/2014,1
LAB2201,B3,TUTORIAL TYPE 2,5,Friday,800,1000,AS6-0205,2013/2014,1
LAV4201,B1,TUTORIAL,5,Friday,1200,1400,AS6-0205,2013/2014,1
NM2219,W1,TUTORIAL,1,Monday,1900,2000,AS6-0212,2013/2014,1
SE3219,1,LECTURE,4,Thursday,1600,1800,AS6-0212,2013/2014,1
EC2303,W09,TUTORIAL,5,Friday,900,1000,AS6-0212,2013/2014,1
EN3224,1,LECTURE,5,Friday,1000,1200,AS6-0212,2013/2014,1
HY2220,1,LECTURE,2,Tuesday,1200,1400,AS6-0214,2013/2014,1
NM3224,1,LECTURE,3,Wednesday,800,1000,AS6-0214,2013/2014,1
NM3219,W5,TUTORIAL,3,Wednesday,1600,1800,AS6-0215B,2013/2014,1
NM3219,W8,TUTORIAL,4,Thursday,1400,1600,AS6-0215B,2013/2014,1
NM6101,1,SEMINAR-STYLE MODULE CLASS,1,Monday,1300,1600,AS6-0333,2013/2014,1
NM5204R,1,SEMINAR-STYLE MODULE CLASS,2,Tuesday,1500,1800,AS6-0333,2013/2014,1
NM6770,1,SEMINAR-STYLE MODULE CLASS,3,Wednesday,1100,1400,AS6-0333,2013/2014,1
NM5216R,1,SEMINAR-STYLE MODULE CLASS,5,Friday,1500,1800,AS6-0333,2013/2014,1
NM5216,1,SEMINAR-STYLE MODULE CLASS,1,Monday,1500,1800,AS6-0338,2013/2014,1
NM5217,1,SEMINAR-STYLE MODULE CLASS,2,Tuesday,900,1200,AS6-0338,2013/2014,1
NM5210,1,SEMINAR-STYLE MODULE CLASS,4,Thursday,1500,1800,AS6-0338,2013/2014,1
CS1010E,11,LABORATORY,3,Wednesday,1200,1400,AS6-0421,2013/2014,1
BT5110,1,TUTORIAL,3,Wednesday,1600,1800,AS6-0421,2013/2014,1
CS3240,1,LABORATORY,4,Thursday,1300,1400,AS6-0421,2013/2014,1
CS3240,2,LABORATORY,4,Thursday,1400,1500,AS6-0421,2013/2014,1
CS3240,3,LABORATORY,4,Thursday,1500,1600,AS6-0421,2013/2014,1
CS1010S,22,TUTORIAL,2,Tuesday,1400,1500,AS6-0425,2013/2014,1
CS2010,1,TUTORIAL,3,Wednesday,1000,1100,AS6-0425,2013/2014,1
CS2010,2,TUTORIAL,3,Wednesday,1100,1200,AS6-0425,2013/2014,1
CS2010,3,TUTORIAL,3,Wednesday,1200,1300,AS6-0425,2013/2014,1
CS2010,4,TUTORIAL,3,Wednesday,1300,1400,AS6-0425,2013/2014,1
CS2010,5,TUTORIAL,3,Wednesday,1400,1500,AS6-0425,2013/2014,1
CS2010,6,TUTORIAL,3,Wednesday,1500,1600,AS6-0425,2013/2014,1
CS1010E,3,LABORATORY,3,Wednesday,1000,1200,AS6-0426,2013/2014,1
CS1010E,12,LABORATORY,3,Wednesday,1200,1400,AS6-0426,2013/2014,1
CS1010E,20,LABORATORY,3,Wednesday,1400,1600,AS6-0426,2013/2014,1
CS1101S,3,RECITATION,4,Thursday,1700,1800,AS6-0426,2013/2014,1
LAG1201,4,LECTURE,1,Monday,1600,1800,AS7-0101,2013/2014,1
ECA5103,2,SECTIONAL TEACHING,4,Thursday,1900,2100,AS7-0101,2013/2014,1
LAJ3203,B1,TUTORIAL TYPE 2,2,Tuesday,1400,1600,AS7-0102,2013/2014,1
EU3232,1,SEMINAR-STYLE MODULE CLASS,1,Monday,1000,1300,AS7-0106,2013/2014,1
GEK1007,E4,TUTORIAL,2,Tuesday,1000,1200,AS7-0106,2013/2014,1
SN3280,1,SEMINAR-STYLE MODULE CLASS,4,Thursday,1400,1700,AS7-0106,2013/2014,1
SC1101E,D9,TUTORIAL,5,Friday,1200,1400,AS7-0106,2013/2014,1
CH4204,1,LECTURE,1,Monday,900,1200,AS7-0119,2013/2014,1
ECA5334,1,SECTIONAL TEACHING,2,Tuesday,1900,2100,AS7-0119,2013/2014,1
CH2161,1,SECTIONAL TEACHING,4,Thursday,900,1200,AS7-0119,2013/2014,1
LAJ3203,C1,TUTORIAL TYPE 3,4,Thursday,1200,1300,AS7-0119,2013/2014,1
PL3281A,1,SEMINAR-STYLE MODULE CLASS,4,Thursday,1300,1600,AS7-0201,2013/2014,1
PL3281,1,SEMINAR-STYLE MODULE CLASS,4,Thursday,1800,2100,AS7-0201,2013/2014,1
GEK1007,E3,TUTORIAL,1,Monday,1600,1800,AS7-0214,2013/2014,1
CL3210,E2,TUTORIAL,5,Friday,1000,1200,AS7-0302,2013/2014,1
SN3232,1,SEMINAR-STYLE MODULE CLASS,2,Tuesday,1000,1300,AS7-0411,2013/2014,1
SN2234,E2,TUTORIAL,2,Tuesday,1600,1800,AS7-0411,2013/2014,1
SN1101E,D10,TUTORIAL,1,Monday,1000,1200,AS7-0413,2013/2014,1
MS2210,D2,TUTORIAL,4,Thursday,1400,1600,AS7-0413,2013/2014,1
MS2210,D2,TUTORIAL,4,Thursday,1600,1800,AS7-0413,2013/2014,1
MS4101,1,SEMINAR-STYLE MODULE CLASS,4,Thursday,1900,2100,AS7-0413,2013/2014,1
MS3213,1,SEMINAR-STYLE MODULE CLASS,5,Friday,900,1200,AS7-0413,2013/2014,1
MNO2007,G8,SECTIONAL TEACHING,3,Wednesday,800,1100,BIZ-0118,2013/2014,1
DSC4213,H1,SECTIONAL TEACHING,3,Wednesday,800,1100,BIZ1-0201,2013/2014,1
BSP3001A,A1,SECTIONAL TEACHING,3,Wednesday,1100,1400,BIZ1-0201,2013/2014,1
BSP3001A,A2,SECTIONAL TEACHING,5,Friday,1100,1400,BIZ1-0201,2013/2014,1
BMK5002,1,SECTIONAL TEACHING,3,Wednesday,1500,1800,BIZ1-0202,2013/2014,1
DSC5102,G1,SECTIONAL TEACHING,3,Wednesday,1900,2000,BIZ1-0202,2013/2014,1
DSC5211B,K1,SECTIONAL TEACHING,3,Wednesday,1800,2100,BIZ1-0203,2013/2014,1
FIN3120B,K1,SECTIONAL TEACHING,5,Friday,1100,1400,BIZ1-0203,2013/2014,1
MKT4415C,R1,SECTIONAL TEACHING,1,Monday,1700,2000,BIZ1-0204,2013/2014,1
BRP6551,F2,LECTURE,3,Wednesday,1500,1800,BIZ1-0204,2013/2014,1
BMA5002A,P1,LECTURE,4,Thursday,1800,2100,BIZ1-0204,2013/2014,1
BRP6551,F2,LECTURE,3,Wednesday,1500,1800,BIZ1-0205,2013/2014,1
BSP3001B,B4,SECTIONAL TEACHING,1,Monday,800,1100,BIZ1-0206,2013/2014,1
BSP3001B,B5,SECTIONAL TEACHING,1,Monday,1100,1400,BIZ1-0206,2013/2014,1
DSC3218,R1,SECTIONAL TEACHING,3,Wednesday,1100,1400,BIZ1-0206,2013/2014,1
BMA5121,P1,LECTURE,3,Wednesday,1500,1800,BIZ1-0301,2013/2014,1
BMA5016A,P1,LECTURE,3,Wednesday,1800,2100,BIZ1-0301,2013/2014,1
BMA5122,F1,LECTURE,1,Monday,1800,2100,BIZ1-0302,2013/2014,1
BMA5120,P1,LECTURE,2,Tuesday,1800,2100,BIZ1-0302,2013/2014,1
BMA5412,F1,LECTURE,2,Tuesday,900,1200,BIZ1-0303,2013/2014,1
BMA5524,P1,LECTURE,2,Tuesday,1800,2100,BIZ1-0304,2013/2014,1
BMK5004,D1,SECTIONAL TEACHING,3,Wednesday,800,1100,BIZ1-0304,2013/2014,1
BMA5511,P1,LECTURE,3,Wednesday,1800,2100,BIZ1-0304,2013/2014,1
BMA5409,P1,LECTURE,5,Friday,1800,2100,BIZ1-0304,2013/2014,1
BMA5328,F1,LECTURE,1,Monday,900,1200,BIZ1-0305,2013/2014,1
BMA5328,F1,LECTURE,1,Monday,1300,1600,BIZ1-0305,2013/2014,1
BMA5328,F1,LECTURE,2,Tuesday,900,1200,BIZ1-0305,2013/2014,1
BMA5328,F1,LECTURE,3,Wednesday,900,1200,BIZ1-0305,2013/2014,1
BMA5328,F1,LECTURE,4,Thursday,900,1200,BIZ1-0305,2013/2014,1
BMA5328,F1,LECTURE,5,Friday,900,1200,BIZ1-0305,2013/2014,1
MKT4415C,R2,SECTIONAL TEACHING,5,Friday,1700,2000,BIZ1-0305,2013/2014,1
BMA5328,F1,LECTURE,6,Saturday,900,1200,BIZ1-0305,2013/2014,1
BMO6001,F1,LECTURE,2,Tuesday,900,1200,BIZ1-SR6-4,2013/2014,1
BRP6551,F2,LECTURE,3,Wednesday,1200,1500,BIZ1-SR6-4,2013/2014,1
BMO6009,F1,LECTURE,4,Thursday,900,1200,BIZ1-SR6-4,2013/2014,1
BDC5101,F1,LECTURE,4,Thursday,1800,2100,BIZ1-SR6-4,2013/2014,1
BMO6004,F1,LECTURE,5,Friday,1200,1500,BIZ1-SR6-4,2013/2014,1
ES2002,G7,SECTIONAL TEACHING,1,Monday,900,1100,BIZ2-0112,2013/2014,1
ES2002,G8,SECTIONAL TEACHING,1,Monday,1100,1300,BIZ2-0112,2013/2014,1
ES2002,G5,SECTIONAL TEACHING,1,Monday,1300,1500,BIZ2-0112,2013/2014,1
ES2002,G6,SECTIONAL TEACHING,1,Monday,1500,1700,BIZ2-0112,2013/2014,1
ES2002,G28,SECTIONAL TEACHING,1,Monday,1700,1900,BIZ2-0112,2013/2014,1
ACC1002,V02,TUTORIAL,2,Tuesday,1000,1200,BIZ2-0112,2013/2014,1
ACC1002,V03,TUTORIAL,2,Tuesday,1200,1400,BIZ2-0112,2013/2014,1
ACC1002,V01,TUTORIAL,2,Tuesday,1400,1600,BIZ2-0112,2013/2014,1
ACC1002,V03,TUTORIAL,2,Tuesday,1600,1800,BIZ2-0112,2013/2014,1
ES2002,G7,SECTIONAL TEACHING,3,Wednesday,900,1100,BIZ2-0112,2013/2014,1
ES2002,G8,SECTIONAL TEACHING,3,Wednesday,1100,1300,BIZ2-0112,2013/2014,1
ES2002,G26,SECTIONAL TEACHING,3,Wednesday,1300,1500,BIZ2-0112,2013/2014,1
ES2002,G17,SECTIONAL TEACHING,4,Thursday,1100,1300,BIZ2-0112,2013/2014,1
ES2002,G20,SECTIONAL TEACHING,4,Thursday,1600,1800,BIZ2-0112,2013/2014,1
ES2002,G26,SECTIONAL TEACHING,1,Monday,900,1100,BIZ2-0114,2013/2014,1
ES2002,G2,SECTIONAL TEACHING,1,Monday,1100,1300,BIZ2-0114,2013/2014,1
ES2002,G26,SECTIONAL TEACHING,1,Monday,1300,1500,BIZ2-0114,2013/2014,1
ES2002,G18,SECTIONAL TEACHING,1,Monday,1500,1700,BIZ2-0114,2013/2014,1
BSP1005,D17,TUTORIAL,2,Tuesday,1400,1500,BIZ2-0114,2013/2014,1
ES2002,G18,SECTIONAL TEACHING,4,Thursday,1200,1400,BIZ2-0114,2013/2014,1
ES2002,G10,SECTIONAL TEACHING,1,Monday,800,1000,BIZ2-0115,2013/2014,1
ES2002,G11,SECTIONAL TEACHING,1,Monday,1000,1200,BIZ2-0115,2013/2014,1
ES2002,G14,SECTIONAL TEACHING,1,Monday,1200,1400,BIZ2-0115,2013/2014,1
ES2002,G9,SECTIONAL TEACHING,1,Monday,1600,1800,BIZ2-0115,2013/2014,1
ACC2002,B13,TUTORIAL,2,Tuesday,1200,1400,BIZ2-0115,2013/2014,1
ES2002,G10,SECTIONAL TEACHING,3,Wednesday,800,1000,BIZ2-0115,2013/2014,1
ES2002,G11,SECTIONAL TEACHING,3,Wednesday,1000,1200,BIZ2-0115,2013/2014,1
ES2002,G28,SECTIONAL TEACHING,3,Wednesday,1400,1600,BIZ2-0115,2013/2014,1
ES2002,G26,SECTIONAL TEACHING,4,Thursday,900,1100,BIZ2-0115,2013/2014,1
ES2002,G22,SECTIONAL TEACHING,4,Thursday,1100,1300,BIZ2-0115,2013/2014,1
ES2002,G5,SECTIONAL TEACHING,4,Thursday,1300,1500,BIZ2-0115,2013/2014,1
ES2002,G6,SECTIONAL TEACHING,4,Thursday,1500,1700,BIZ2-0115,2013/2014,1
ES2002,G28,SECTIONAL TEACHING,4,Thursday,1700,1900,BIZ2-0115,2013/2014,1
ES2002,G3,SECTIONAL TEACHING,1,Monday,800,1000,BIZ2-0116,2013/2014,1
ES2002,G4,SECTIONAL TEACHING,1,Monday,1000,1200,BIZ2-0116,2013/2014,1
ES2002,G19,SECTIONAL TEACHING,1,Monday,1200,1400,BIZ2-0116,2013/2014,1
ES2002,G28,SECTIONAL TEACHING,1,Monday,1400,1600,BIZ2-0116,2013/2014,1
ES2002,G30,SECTIONAL TEACHING,3,Wednesday,800,1000,BIZ2-0116,2013/2014,1
ES2002,G12,SECTIONAL TEACHING,3,Wednesday,1000,1200,BIZ2-0116,2013/2014,1
ES2002,G13,SECTIONAL TEACHING,3,Wednesday,1200,1400,BIZ2-0116,2013/2014,1
ES2002,G3,SECTIONAL TEACHING,4,Thursday,800,1000,BIZ2-0116,2013/2014,1
ES2002,G4,SECTIONAL TEACHING,4,Thursday,1000,1200,BIZ2-0116,2013/2014,1
ES2002,G14,SECTIONAL TEACHING,4,Thursday,1200,1400,BIZ2-0116,2013/2014,1
ES2002,G16,SECTIONAL TEACHING,4,Thursday,1400,1600,BIZ2-0116,2013/2014,1
ES2002,G9,SECTIONAL TEACHING,4,Thursday,1600,1800,BIZ2-0116,2013/2014,1
ES2002,G1,SECTIONAL TEACHING,4,Thursday,900,1100,BIZ2-0118,2013/2014,1
ES2002,G2,SECTIONAL TEACHING,4,Thursday,1100,1300,BIZ2-0118,2013/2014,1
ACC3601,A3,SECTIONAL TEACHING,1,Monday,1100,1300,BIZ2-0201,2013/2014,1
ACC3615,M5,SECTIONAL TEACHING,1,Monday,1400,1600,BIZ2-0201,2013/2014,1
ACC3601,A2,SECTIONAL TEACHING,1,Monday,1600,1800,BIZ2-0201,2013/2014,1
ACC3602,B3,SECTIONAL TEACHING,2,Tuesday,1100,1300,BIZ2-0201,2013/2014,1
ACC3615,M6,SECTIONAL TEACHING,3,Wednesday,1100,1300,BIZ2-0201,2013/2014,1
ACC3601,A1,SECTIONAL TEACHING,4,Thursday,900,1100,BIZ2-0201,2013/2014,1
ACC3602,B1,SECTIONAL TEACHING,4,Thursday,1100,1300,BIZ2-0201,2013/2014,1
ACC3614,G3,SECTIONAL TEACHING,4,Thursday,1600,1800,BIZ2-0201,2013/2014,1
ACC3613,H4,SECTIONAL TEACHING,5,Friday,1200,1400,BIZ2-0201,2013/2014,1
ACC3613,H4,SECTIONAL TEACHING,1,Monday,900,1100,BIZ2-0202,2013/2014,1
ACC3613,H5,SECTIONAL TEACHING,1,Monday,1100,1300,BIZ2-0202,2013/2014,1
ACC3613,H6,SECTIONAL TEACHING,1,Monday,1400,1600,BIZ2-0202,2013/2014,1
ACC3615,M6,SECTIONAL TEACHING,1,Monday,1600,1800,BIZ2-0202,2013/2014,1
ACC3602,B2,SECTIONAL TEACHING,2,Tuesday,1400,1600,BIZ2-0202,2013/2014,1
ACC3611,K3,SECTIONAL TEACHING,4,Thursday,1100,1300,BIZ2-0202,2013/2014,1
ACC3614,G2,SECTIONAL TEACHING,4,Thursday,1400,1600,BIZ2-0202,2013/2014,1
ACC3602,B1,SECTIONAL TEACHING,4,Thursday,1600,1800,BIZ2-0202,2013/2014,1
ACC3613,H6,SECTIONAL TEACHING,5,Friday,1400,1600,BIZ2-0202,2013/2014,1
ES2002,G30,SECTIONAL TEACHING,1,Monday,800,1000,BIZ2-0224,2013/2014,1
ES2002,G27,SECTIONAL TEACHING,1,Monday,800,1000,BIZ2-0226,2013/2014,1
ES2002,G12,SECTIONAL TEACHING,1,Monday,1000,1200,BIZ2-0226,2013/2014,1
ES2002,G13,SECTIONAL TEACHING,1,Monday,1200,1400,BIZ2-0226,2013/2014,1
ES2002,G22,SECTIONAL TEACHING,1,Monday,1400,1600,BIZ2-0226,2013/2014,1
ES2002,G19,SECTIONAL TEACHING,4,Thursday,1200,1400,BIZ2-0226,2013/2014,1
ACC2002,B12,TUTORIAL,4,Thursday,1600,1800,BIZ2-0227,2013/2014,1
ACC3604,D2,SECTIONAL TEACHING,5,Friday,900,1100,BIZ2-0227,2013/2014,1
ACC3604,D1,SECTIONAL TEACHING,5,Friday,1100,1300,BIZ2-0227,2013/2014,1
MKT1003X,W01,TUTORIAL,1,Monday,1000,1200,BIZ2-0228,2013/2014,1
MKT1003X,W04,TUTORIAL,1,Monday,1200,1400,BIZ2-0228,2013/2014,1
MKT1003X,W05,TUTORIAL,1,Monday,1400,1600,BIZ2-0228,2013/2014,1
MKT1003X,W08,TUTORIAL,1,Monday,1600,1800,BIZ2-0228,2013/2014,1
MKT1003X,W10,TUTORIAL,2,Tuesday,900,1100,BIZ2-0228,2013/2014,1
MKT1003X,W11,TUTORIAL,2,Tuesday,1100,1300,BIZ2-0228,2013/2014,1
MKT1003X,W14,TUTORIAL,2,Tuesday,1300,1500,BIZ2-0228,2013/2014,1
MKT1003X,W16,TUTORIAL,5,Friday,1000,1200,BIZ2-0228,2013/2014,1
MKT1003X,W18,TUTORIAL,5,Friday,1200,1400,BIZ2-0228,2013/2014,1
MKT1003X,W19,TUTORIAL,5,Friday,1400,1600,BIZ2-0228,2013/2014,1
ACC3604,D3,SECTIONAL TEACHING,2,Tuesday,900,1100,BIZ2-0229,2013/2014,1
ACC3604,D1,SECTIONAL TEACHING,2,Tuesday,1200,1400,BIZ2-0229,2013/2014,1
HR2002,V31,TUTORIAL,3,Wednesday,1900,2100,BIZ2-0229,2013/2014,1
DSC2006,F04,TUTORIAL,2,Tuesday,1400,1500,BIZ2-0301,2013/2014,1
DSC2006,F07,TUTORIAL,2,Tuesday,1700,1800,BIZ2-0301,2013/2014,1
DSC2006,F08,TUTORIAL,2,Tuesday,1800,1900,BIZ2-0301,2013/2014,1
DSC2006,F09,TUTORIAL,2,Tuesday,1900,2000,BIZ2-0301,2013/2014,1
ACC2002,B08,TUTORIAL,3,Wednesday,900,1100,BIZ2-0301,2013/2014,1
ES2002,G21,SECTIONAL TEACHING,1,Monday,900,1100,BIZ2-0302,2013/2014,1
ES2002,G17,SECTIONAL TEACHING,1,Monday,1100,1300,BIZ2-0302,2013/2014,1
ACC3604,D3,SECTIONAL TEACHING,1,Monday,900,1100,BIZ2-0303,2013/2014,1
ACC3604,D2,SECTIONAL TEACHING,1,Monday,1100,1300,BIZ2-0303,2013/2014,1
ACC3612,F6,SECTIONAL TEACHING,2,Tuesday,1400,1600,BIZ2-0303,2013/2014,1
ACC3612,F4,SECTIONAL TEACHING,3,Wednesday,1100,1300,BIZ2-0303,2013/2014,1
ACC3612,F6,SECTIONAL TEACHING,3,Wednesday,1400,1600,BIZ2-0303,2013/2014,1
ACC3612,F5,SECTIONAL TEACHING,3,Wednesday,1600,1800,BIZ2-0303,2013/2014,1
ACC3615,M4,SECTIONAL TEACHING,4,Thursday,900,1100,BIZ2-0303,2013/2014,1
ACC3615,M5,SECTIONAL TEACHING,4,Thursday,1400,1600,BIZ2-0303,2013/2014,1
MKT4412,P1,SECTIONAL TEACHING,1,Monday,800,1100,BIZ2-0404,2013/2014,1
BAA6001,F1,LECTURE,2,Tuesday,1300,1600,BIZ2-0404,2013/2014,1
ACC3605,E3,SECTIONAL TEACHING,4,Thursday,900,1100,BIZ2-0404,2013/2014,1
ACC3605,E1,SECTIONAL TEACHING,4,Thursday,1200,1400,BIZ2-0404,2013/2014,1
ACC3605,E2,SECTIONAL TEACHING,4,Thursday,1400,1600,BIZ2-0404,2013/2014,1
ACC3614,G3,SECTIONAL TEACHING,1,Monday,1100,1300,BIZ2-0413A,2013/2014,1
ACC3602,B2,SECTIONAL TEACHING,2,Tuesday,1400,1600,BIZ2-0413A,2013/2014,1
ACC3602,B1,SECTIONAL TEACHING,4,Thursday,1600,1800,BIZ2-0413A,2013/2014,1
ACC3615,M4,SECTIONAL TEACHING,1,Monday,900,1100,BIZ2-0413B,2013/2014,1
MKT4415C,R2,SECTIONAL TEACHING,2,Tuesday,800,1100,BIZ2-0413B,2013/2014,1
ACC3603,C1,SECTIONAL TEACHING,2,Tuesday,1100,1300,BIZ2-0413B,2013/2014,1
ACC3603,C3,SECTIONAL TEACHING,2,Tuesday,1400,1600,BIZ2-0413B,2013/2014,1
ACC3601,A3,SECTIONAL TEACHING,3,Wednesday,900,1100,BIZ2-0413B,2013/2014,1
ACC3601,A2,SECTIONAL TEACHING,3,Wednesday,1100,1300,BIZ2-0413B,2013/2014,1
ACC3611,K3,SECTIONAL TEACHING,5,Friday,1100,1300,BIZ2-0413B,2013/2014,1
ACC3614,G1,SECTIONAL TEACHING,1,Monday,900,1100,BIZ2-0413C,2013/2014,1
ACC3612,F4,SECTIONAL TEACHING,2,Tuesday,900,1100,BIZ2-0413C,2013/2014,1
ACC3612,F5,SECTIONAL TEACHING,2,Tuesday,1100,1300,BIZ2-0413C,2013/2014,1
ACC3602,B1,SECTIONAL TEACHING,4,Thursday,1600,1800,BIZ2-0413C,2013/2014,1
BRP6552,F1,LECTURE,3,Wednesday,900,1200,BIZ2-0420,2013/2014,1
BAA6001,F1,LECTURE,2,Tuesday,1300,1600,BIZ2-0422,2013/2014,1
BFS1001,A4,SECTIONAL TEACHING,2,Tuesday,1100,1400,BIZ2-0509,2013/2014,1
BSP3001B,B4,SECTIONAL TEACHING,1,Monday,800,1100,BIZ2-0510,2013/2014,1
BSP3001B,B5,SECTIONAL TEACHING,1,Monday,1100,1400,BIZ2-0510,2013/2014,1
BSP3001A,A3,SECTIONAL TEACHING,2,Tuesday,1100,1400,BIZ2-0510,2013/2014,1
ES2002,G23,SECTIONAL TEACHING,1,Monday,800,1000,BIZ2-B104,2013/2014,1
ES2002,G29,SECTIONAL TEACHING,1,Monday,1000,1200,BIZ2-B104,2013/2014,1
ES2002,G23,SECTIONAL TEACHING,4,Thursday,900,1100,BIZ2-B104,2013/2014,1
ES2002,G29,SECTIONAL TEACHING,4,Thursday,1100,1300,BIZ2-B104,2013/2014,1
FIN2004X,G05,TUTORIAL,5,Friday,1500,1600,BIZ2-B104,2013/2014,1
AR3101A,1,DESIGN LECTURE,1,Monday,1400,1800,BTC,2013/2014,1
LX5103,1,SEMINAR-STYLE MODULE CLASS,1,Monday,1800,2100,BTC,2013/2014,1
AR3101A,1,DESIGN LECTURE,4,Thursday,1400,1800,BTC,2013/2014,1
IEM1201L,2,SECTIONAL TEACHING,3,Wednesday,1200,1400,CAPT-DV,2013/2014,1
GEM2903,1,SEMINAR-STYLE MODULE CLASS,1,Monday,1400,1600,CAPT-SR1,2013/2014,1
GEM2903,2,SEMINAR-STYLE MODULE CLASS,1,Monday,1600,1800,CAPT-SR1,2013/2014,1
GEM2903,3,SEMINAR-STYLE MODULE CLASS,2,Tuesday,1400,1600,CAPT-SR1,2013/2014,1
GEM2903,4,SEMINAR-STYLE MODULE CLASS,2,Tuesday,1600,1800,CAPT-SR1,2013/2014,1
GEM1905,1,SEMINAR-STYLE MODULE CLASS,3,Wednesday,1700,2000,CAPT-SR1,2013/2014,1
GEM1905,2,SEMINAR-STYLE MODULE CLASS,4,Thursday,1500,1800,CAPT-SR1,2013/2014,1
GEM1907,2,SEMINAR-STYLE MODULE CLASS,5,Friday,1100,1400,CAPT-SR1,2013/2014,1
GEM1907,1,SEMINAR-STYLE MODULE CLASS,5,Friday,800,1100,CAPT-SR2,2013/2014,1
IEM2201J,3,SECTIONAL TEACHING,1,Monday,800,1000,CAPT-SR3,2013/2014,1
IEM2201J,4,SECTIONAL TEACHING,1,Monday,1000,1200,CAPT-SR3,2013/2014,1
IEM2201H,3,SECTIONAL TEACHING,1,Monday,1400,1600,CAPT-SR3,2013/2014,1
IEM2201H,4,SECTIONAL TEACHING,1,Monday,1600,1800,CAPT-SR3,2013/2014,1
GEM1034,1,SEMINAR-STYLE MODULE CLASS,1,Monday,1900,2200,CAPT-SR3,2013/2014,1
GEM1034,2,SEMINAR-STYLE MODULE CLASS,2,Tuesday,1900,2200,CAPT-SR3,2013/2014,1
IEM2201J,3,SECTIONAL TEACHING,4,Thursday,800,1000,CAPT-SR3,2013/2014,1
IEM2201J,4,SECTIONAL TEACHING,4,Thursday,1000,1200,CAPT-SR3,2013/2014,1
IEM2201H,3,SECTIONAL TEACHING,4,Thursday,1400,1600,CAPT-SR3,2013/2014,1
IEM2201H,4,SECTIONAL TEACHING,4,Thursday,1600,1800,CAPT-SR3,2013/2014,1
SSU2005,1,SEMINAR-STYLE MODULE CLASS,1,Monday,1000,1200,CAPT-SR4,2013/2014,1
SSU2005,2,SEMINAR-STYLE MODULE CLASS,1,Monday,1200,1400,CAPT-SR4,2013/2014,1
SSU2002,3,SEMINAR-STYLE MODULE CLASS,2,Tuesday,800,1000,CAPT-SR4,2013/2014,1
SSU2002,4,SEMINAR-STYLE MODULE CLASS,2,Tuesday,1000,1200,CAPT-SR4,2013/2014,1
GEM1906,1,SEMINAR-STYLE MODULE CLASS,3,Wednesday,900,1200,CAPT-SR4,2013/2014,1
GEM1910,1,SEMINAR-STYLE MODULE CLASS,2,Tuesday,900,1200,CAPT-SR5,2013/2014,1
GEM1910,2,SEMINAR-STYLE MODULE CLASS,2,Tuesday,1500,1800,CAPT-SR5,2013/2014,1
GEM1914,2,SEMINAR-STYLE MODULE CLASS,4,Thursday,900,1200,CAPT-SR5,2013/2014,1
GEM1034,1,SEMINAR-STYLE MODULE CLASS,1,Monday,1900,2200,CAPT-SR6,2013/2014,1
CE2409,5AB,TUTORIAL,1,Monday,900,1000,CE2PC1,2013/2014,1
CE2409,5AB,TUTORIAL,1,Monday,1100,1200,CE2PC1,2013/2014,1
CE2409,1AB,TUTORIAL,1,Monday,1600,1700,CE2PC1,2013/2014,1
CE2409,3AB,TUTORIAL,1,Monday,1700,1800,CE2PC1,2013/2014,1
CE2409,4AB,TUTORIAL,2,Tuesday,900,1000,CE2PC1,2013/2014,1
CE2409,LA1,LABORATORY,3,Wednesday,900,1100,CE2PC1,2013/2014,1
CE2409,2AB,TUTORIAL,4,Thursday,1200,1300,CE2PC1,2013/2014,1
CE2409,LA2,LABORATORY,5,Friday,900,1100,CE2PC1,2013/2014,1
CE2409,4AB,TUTORIAL,2,Tuesday,900,1000,CE2PC5-6,2013/2014,1
CE2409,LA2,LABORATORY,4,Thursday,900,1100,CE2PC5-6,2013/2014,1
ES5002,16,SECTIONAL TEACHING,6,Saturday,600,800,CELC-SR1A,2013/2014,1
ES5002,16,SECTIONAL TEACHING,7,Sunday,1700,1800,CELC-SR1A,2013/2014,1
ES5001B,4,SECTIONAL TEACHING,2,Tuesday,900,1100,CELC-SR1B,2013/2014,1
ES5001B,5,SECTIONAL TEACHING,2,Tuesday,1100,1300,CELC-SR1B,2013/2014,1
ES5001B,6,SECTIONAL TEACHING,2,Tuesday,1600,1800,CELC-SR1B,2013/2014,1
ES5001B,4,SECTIONAL TEACHING,4,Thursday,900,1100,CELC-SR1B,2013/2014,1
ES5001B,5,SECTIONAL TEACHING,4,Thursday,1100,1300,CELC-SR1B,2013/2014,1
ES5001B,6,SECTIONAL TEACHING,4,Thursday,1600,1800,CELC-SR1B,2013/2014,1
GEM1008,1,SECTIONAL TEACHING,2,Tuesday,1200,1500,CELC-SR2A,2013/2014,1
CE4104,PRJ,LECTURE,1,Monday,600,700,CEProj,2013/2014,1
MUA3277,1,SECTIONAL TEACHING,1,Monday,1000,1200,CMS,2013/2014,1
LSM3212,SB1,LABORATORY,3,Wednesday,1400,1800,COFM-LAB,2013/2014,1
NM3226,W1,TUTORIAL,2,Tuesday,1000,1200,COM1-0202,2013/2014,1
NM3228,W1,LECTURE,3,Wednesday,1800,2000,COM1-0202,2013/2014,1
NM3216,W2,TUTORIAL,4,Thursday,1200,1400,COM1-0202,2013/2014,1
NM3209,W2,TUTORIAL,4,Thursday,1400,1600,COM1-0202,2013/2014,1
NM3228,W2,LECTURE,4,Thursday,1800,2000,COM1-0202,2013/2014,1
NM3226,W2,TUTORIAL,5,Friday,1400,1600,COM1-0202,2013/2014,1
CS3201,5,TUTORIAL,2,Tuesday,1400,1500,COM1-0203,2013/2014,1
CS3281,1,LECTURE,1,Monday,1400,1600,COM1-0204,2013/2014,1
CS5228,1,LECTURE,1,Monday,1900,2000,COM1-0204,2013/2014,1
CS1101S,1,LECTURE,3,Wednesday,1000,1200,COM1-0204,2013/2014,1
BT5110,1,LECTURE,4,Thursday,1900,2000,COM1-0204,2013/2014,1
CS1101S,1,LECTURE,5,Friday,1100,1200,COM1-0204,2013/2014,1
IS4234,1,LECTURE,4,Thursday,1600,1900,COM1-0206,2013/2014,1
CS3244,4,TUTORIAL,4,Thursday,900,1000,COM1-0207,2013/2014,1
CS3244,1,TUTORIAL,4,Thursday,1200,1300,COM1-0207,2013/2014,1
CS4344,1,TUTORIAL,4,Thursday,1500,1600,COM1-0207,2013/2014,1
CS4344,1,TUTORIAL,4,Thursday,1600,1700,COM1-0207,2013/2014,1
ES1102,C04,SECTIONAL TEACHING,1,Monday,1000,1200,COM1-0208,2013/2014,1
CS1010S,7,RECITATION,5,Friday,1400,1500,COM1-0208,2013/2014,1
ES1102,C04,SECTIONAL TEACHING,4,Thursday,1000,1200,COM1-0209,2013/2014,1
ES1000,C2,SECTIONAL TEACHING,2,Tuesday,1000,1200,COM1-0210,2013/2014,1
CS2103T,T1,TUTORIAL,3,Wednesday,900,1000,COM1-0210,2013/2014,1
CS2103T,T2,TUTORIAL,3,Wednesday,1000,1100,COM1-0210,2013/2014,1
CS2103T,T3,TUTORIAL,3,Wednesday,1100,1200,COM1-0210,2013/2014,1
CS2103T,T4,TUTORIAL,3,Wednesday,1300,1400,COM1-0210,2013/2014,1
CS2103T,T5,TUTORIAL,3,Wednesday,1400,1500,COM1-0210,2013/2014,1
CS2103T,T6,TUTORIAL,3,Wednesday,1500,1600,COM1-0210,2013/2014,1
BT5110,1,TUTORIAL,3,Wednesday,1600,1800,COM1-0210,2013/2014,1
ES1000,C2,SECTIONAL TEACHING,4,Thursday,1000,1200,COM1-0210,2013/2014,1
CS2103,8,TUTORIAL,4,Thursday,1300,1400,COM1-0210,2013/2014,1
CS2103,9,TUTORIAL,4,Thursday,1400,1500,COM1-0210,2013/2014,1
CS2103,10,TUTORIAL,4,Thursday,1500,1600,COM1-0210,2013/2014,1
CS2103,11,TUTORIAL,4,Thursday,1600,1700,COM1-0210,2013/2014,1
CS2103,7,TUTORIAL,5,Friday,1200,1300,COM1-0210,2013/2014,1
CS2106,5,TUTORIAL,1,Monday,1500,1600,COM1-0211,2013/2014,1
CS2106,6,TUTORIAL,1,Monday,1600,1700,COM1-0211,2013/2014,1
CS2106,8,TUTORIAL,2,Tuesday,1200,1300,COM1-0211,2013/2014,1
CS2106,7,TUTORIAL,2,Tuesday,1300,1400,COM1-0211,2013/2014,1
CS4246,1,TUTORIAL,2,Tuesday,1400,1500,COM1-0211,2013/2014,1
CS4246,2,TUTORIAL,2,Tuesday,1500,1600,COM1-0211,2013/2014,1
CS4246,3,TUTORIAL,2,Tuesday,1600,1700,COM1-0211,2013/2014,1
CS2103,4,TUTORIAL,4,Thursday,900,1000,COM1-0211,2013/2014,1
CS2103,5,TUTORIAL,4,Thursday,1000,1100,COM1-0211,2013/2014,1
CS2103,6,TUTORIAL,4,Thursday,1100,1200,COM1-0211,2013/2014,1
CS2103,1,TUTORIAL,5,Friday,900,1000,COM1-0211,2013/2014,1
CS2103,2,TUTORIAL,5,Friday,1000,1100,COM1-0211,2013/2014,1
CS2103,3,TUTORIAL,5,Friday,1100,1200,COM1-0211,2013/2014,1
CS3283,1,LECTURE,1,Monday,1400,1600,COM1-0212,2013/2014,1
BT1101,1,LECTURE,3,Wednesday,900,1200,COM1-0212,2013/2014,1
CG3204L,1,LECTURE,5,Friday,1000,1100,COM1-0212,2013/2014,1
CS3201,1,TUTORIAL,1,Monday,1400,1500,COM1-0217,2013/2014,1
CS3201,7,TUTORIAL,3,Wednesday,1000,1100,COM1-0217,2013/2014,1
CS3201,8,TUTORIAL,3,Wednesday,1100,1200,COM1-0217,2013/2014,1
CS4223,1,TUTORIAL,3,Wednesday,1200,1300,COM1-0217,2013/2014,1
CS4223,2,TUTORIAL,3,Wednesday,1300,1400,COM1-0217,2013/2014,1
CS1010S,27,TUTORIAL,1,Monday,1000,1100,COM1-0218,2013/2014,1
CS3103,2,TUTORIAL,1,Monday,1200,1300,COM1-0218,2013/2014,1
CS3103,3,TUTORIAL,1,Monday,1300,1400,COM1-0218,2013/2014,1
IS2101,1,TUTORIAL,1,Monday,1400,1700,COM1-0218,2013/2014,1
IS2101,2,TUTORIAL,2,Tuesday,900,1200,COM1-0218,2013/2014,1
IS2101,4,TUTORIAL,3,Wednesday,900,1200,COM1-0218,2013/2014,1
IS2101,7,TUTORIAL,4,Thursday,900,1200,COM1-0218,2013/2014,1
CG3204L,1,TUTORIAL,5,Friday,1100,1200,COM1-B102,2013/2014,1
CG3204L,1,LABORATORY,5,Friday,1500,1700,COM1-B102,2013/2014,1
CS3103,1,TUTORIAL,1,Monday,1100,1200,COM1-B103,2013/2014,1
CS3103,2,TUTORIAL,1,Monday,1200,1300,COM1-B103,2013/2014,1
CS3103,3,TUTORIAL,1,Monday,1300,1400,COM1-B103,2013/2014,1
IS5002,1,LECTURE,1,Monday,1900,2000,COM1-B103,2013/2014,1
CS2105,1,TUTORIAL,2,Tuesday,900,1000,COM1-B103,2013/2014,1
CS2105,2,TUTORIAL,2,Tuesday,1000,1100,COM1-B103,2013/2014,1
CS2105,3,TUTORIAL,2,Tuesday,1100,1200,COM1-B103,2013/2014,1
CS2105,4,TUTORIAL,2,Tuesday,1400,1500,COM1-B103,2013/2014,1
CS2105,5,TUTORIAL,2,Tuesday,1500,1600,COM1-B103,2013/2014,1
CS2105,6,TUTORIAL,2,Tuesday,1600,1700,COM1-B103,2013/2014,1
CS2105,7,TUTORIAL,2,Tuesday,1700,1800,COM1-B103,2013/2014,1
CS1231,4,TUTORIAL,3,Wednesday,1000,1200,COM1-B103,2013/2014,1
CS1231,5,TUTORIAL,3,Wednesday,1200,1400,COM1-B103,2013/2014,1
CS3241,1,TUTORIAL,4,Thursday,1000,1100,COM1-B103,2013/2014,1
CS3241,2,TUTORIAL,4,Thursday,1100,1200,COM1-B103,2013/2014,1
CS1231,1,TUTORIAL,4,Thursday,1200,1400,COM1-B103,2013/2014,1
CS1231,2,TUTORIAL,4,Thursday,1400,1600,COM1-B103,2013/2014,1
CS1231,3,TUTORIAL,4,Thursday,1600,1800,COM1-B103,2013/2014,1
CS2105,8,TUTORIAL,5,Friday,1000,1100,COM1-B103,2013/2014,1
CS2105,9,TUTORIAL,5,Friday,1100,1200,COM1-B103,2013/2014,1
CS2105,10,TUTORIAL,5,Friday,1200,1300,COM1-B103,2013/2014,1
CS1010S,1,TUTORIAL,1,Monday,900,1000,COM1-B108,2013/2014,1
CS1010S,5,TUTORIAL,1,Monday,1300,1400,COM1-B108,2013/2014,1
CS1020E,6,LABORATORY,4,Thursday,1200,1400,COM1-B108,2013/2014,1
CS1020E,4,LABORATORY,4,Thursday,1400,1600,COM1-B108,2013/2014,1
CS1020E,5,LABORATORY,4,Thursday,1600,1800,COM1-B108,2013/2014,1
CS1010,15,TUTORIAL,5,Friday,1000,1200,COM1-B108,2013/2014,1
CS1010,16,TUTORIAL,5,Friday,1400,1600,COM1-B108,2013/2014,1
CS2010R,1,LECTURE,7,Sunday,2200,2400,COM1-B108,2013/2014,1
BT1101,2,TUTORIAL,2,Tuesday,1000,1100,COM1-B109,2013/2014,1
CS1020E,1,LABORATORY,4,Thursday,1000,1200,COM1-B109,2013/2014,1
CS1020E,7,LABORATORY,4,Thursday,1400,1600,COM1-B109,2013/2014,1
CS1020E,8,LABORATORY,4,Thursday,1600,1800,COM1-B109,2013/2014,1
CS1010S,27,TUTORIAL,1,Monday,1000,1100,COM1-B110,2013/2014,1
CS1020E,2,LABORATORY,4,Thursday,1000,1200,COM1-B110,2013/2014,1
CS1020E,3,LABORATORY,4,Thursday,1200,1400,COM1-B110,2013/2014,1
CS1010S,13,TUTORIAL,1,Monday,1200,1300,COM1-B111,2013/2014,1
CS1010S,14,TUTORIAL,1,Monday,1300,1400,COM1-B111,2013/2014,1
CS1010,17,TUTORIAL,5,Friday,1000,1200,COM1-B111,2013/2014,1
CS1010,18,TUTORIAL,5,Friday,1400,1600,COM1-B111,2013/2014,1
CS1010,19,TUTORIAL,5,Friday,1600,1800,COM1-B111,2013/2014,1
CS1010,14,TUTORIAL,5,Friday,1400,1600,COM1-B112,2013/2014,1
CS2106,1,LABORATORY,1,Monday,1000,1100,COM1-B113,2013/2014,1
CS2106,2,LABORATORY,1,Monday,1100,1200,COM1-B113,2013/2014,1
CS2106,3,LABORATORY,1,Monday,1200,1300,COM1-B113,2013/2014,1
CS2106,4,LABORATORY,1,Monday,1300,1400,COM1-B113,2013/2014,1
CS3230,4,TUTORIAL,2,Tuesday,1400,1500,COM2-0108,2013/2014,1
CS3230,5,TUTORIAL,3,Wednesday,1500,1600,COM2-0108,2013/2014,1
LA5301,1,TUTORIAL,3,Wednesday,1400,1800,CR1,2013/2014,1
PF2401,1,TUTORIAL,5,Friday,1200,1400,CR1,2013/2014,1
AR5421,3,TUTORIAL,5,Friday,1400,1600,CR1,2013/2014,1
AR2223,7,TUTORIAL,5,Friday,1600,1700,CR1,2013/2014,1
AR2223,8,TUTORIAL,5,Friday,1700,1800,CR1,2013/2014,1
LC2008F,2,SEMINAR-STYLE MODULE CLASS,2,Tuesday,1900,2000,CR2-1,2013/2014,1
LC2004,1,TUTORIAL,5,Friday,900,1100,CR3-4,2013/2014,1
LC2004,2,TUTORIAL,5,Friday,1100,1300,CR3-4,2013/2014,1
LC1006,20,TUTORIAL,1,Monday,1900,2000,CR3-5,2013/2014,1
LC1006,20,TUTORIAL,4,Thursday,1900,2000,CR3-5,2013/2014,1
LC1004,16,TUTORIAL,5,Friday,900,1100,CR3-6,2013/2014,1
LC1004,17,TUTORIAL,5,Friday,1100,1300,CR3-6,2013/2014,1
AR2221,7,TUTORIAL,3,Wednesday,1600,1700,CR4,2013/2014,1
AR2221,8,TUTORIAL,3,Wednesday,1700,1800,CR4,2013/2014,1
RE1105,6,TUTORIAL,4,Thursday,1200,1400,CR4,2013/2014,1
PF2201,4,TUTORIAL,4,Thursday,1400,1600,CR4,2013/2014,1
GEK2045,5,TUTORIAL,5,Friday,1500,1600,CR4,2013/2014,1
AR2223,9,TUTORIAL,5,Friday,1600,1700,CR4,2013/2014,1
AR2223,10,TUTORIAL,5,Friday,1700,1800,CR4,2013/2014,1
LC1004,1,TUTORIAL,5,Friday,900,1100,CR4-2,2013/2014,1
LC1004,2,TUTORIAL,5,Friday,1100,1300,CR4-2,2013/2014,1
BMO6006I,F1,LECTURE,2,Tuesday,900,1200,dRm1,2013/2014,1
BMK6105A,F1,LECTURE,4,Thursday,1000,1300,dRm1,2013/2014,1
BMA5901,F11,LECTURE,7,Sunday,1400,1500,dRm1,2013/2014,1
EE1002,B2,LABORATORY,2,Tuesday,900,1200,DSALab-1,2013/2014,1
EE1002,B3,LABORATORY,4,Thursday,900,1200,DSALab-1,2013/2014,1
EE1002,B4,LABORATORY,4,Thursday,1400,1700,DSALab-1,2013/2014,1
EE1002,B4,LABORATORY,5,Friday,1400,1700,DSALab-1,2013/2014,1
PP6770,L1,LECTURE,5,Friday,900,1200,DV,2013/2014,1
CO5226,1,LECTURE,7,Sunday,2200,2300,DV,2013/2014,1
CE4103,DSG,LECTURE,1,Monday,700,800,DV1,2013/2014,1
ESP3902,1,LECTURE,2,Tuesday,1400,1700,DV1,2013/2014,1
ID4103,4,DESIGN LECTURE,2,Tuesday,1400,1800,DV2,2013/2014,1
MT5902,1,LECTURE,7,Sunday,1400,1700,DV2,2013/2014,1
GEK1001,1,LABORATORY,2,Tuesday,1400,1600,E-LAB,2013/2014,1
GEK1001,2,LABORATORY,2,Tuesday,1600,1800,E-LAB,2013/2014,1
GEK1001,3,LABORATORY,3,Wednesday,1000,1200,E-LAB,2013/2014,1
GEK1001,4,LABORATORY,3,Wednesday,1200,1400,E-LAB,2013/2014,1
GEK1001,5,LABORATORY,3,Wednesday,1400,1600,E-LAB,2013/2014,1
CE6101,1,LECTURE,1,Monday,1800,2100,E1-06-01,2013/2014,1
CE6003,1,LECTURE,2,Tuesday,1800,2100,E1-06-01,2013/2014,1
EE1001,T6,TUTORIAL,3,Wednesday,1200,1400,E1-06-01,2013/2014,1
MA1505,B04,TUTORIAL,5,Friday,1000,1100,E1-06-01,2013/2014,1
ES5001A,R16,SECTIONAL TEACHING,1,Monday,1300,1500,E1-06-02,2013/2014,1
ES5001A,R17,SECTIONAL TEACHING,1,Monday,1500,1700,E1-06-02,2013/2014,1
SH5101,1,LECTURE,1,Monday,1800,2100,E1-06-02,2013/2014,1
ES1531,E35,SECTIONAL TEACHING,2,Tuesday,1600,1800,E1-06-02,2013/2014,1
CS1010E,C14,TUTORIAL,4,Thursday,1000,1100,E1-06-02,2013/2014,1
CS1010E,C09,TUTORIAL,4,Thursday,1200,1300,E1-06-02,2013/2014,1
ES2331,6,SECTIONAL TEACHING,5,Friday,800,1000,E1-06-02,2013/2014,1
CE5101,1,LECTURE,2,Tuesday,1800,2100,E1-06-03,2013/2014,1
CE5312,1,LECTURE,3,Wednesday,1800,2100,E1-06-03,2013/2014,1
MA1505,C09,TUTORIAL,4,Thursday,1400,1500,E1-06-03,2013/2014,1
CS1010E,A02,TUTORIAL,5,Friday,1400,1500,E1-06-03,2013/2014,1
EE2011,T12,TUTORIAL,5,Friday,1500,1600,E1-06-03,2013/2014,1
CE2155,5AB,TUTORIAL,3,Wednesday,1300,1400,E1-06-04,2013/2014,1
MA1505,C11,TUTORIAL,4,Thursday,1400,1500,E1-06-04,2013/2014,1
CS1010E,A08,TUTORIAL,4,Thursday,1600,1700,E1-06-04,2013/2014,1
CE5311,1,LECTURE,5,Friday,1800,2100,E1-06-04,2013/2014,1
MA1505,B01,TUTORIAL,5,Friday,1000,1100,E1-06-05,2013/2014,1
CE3121,7AB,TUTORIAL,4,Thursday,1600,1700,E1-06-06,2013/2014,1
MA1505,B02,TUTORIAL,5,Friday,1000,1100,E1-06-06,2013/2014,1
ES2331,6,SECTIONAL TEACHING,2,Tuesday,1600,1800,E1-06-07,2013/2014,1
CS1010E,C15,TUTORIAL,4,Thursday,1000,1100,E1-06-08,2013/2014,1
CS1010E,A07,TUTORIAL,4,Thursday,1600,1700,E1-06-08,2013/2014,1
EG1109,A16,TUTORIAL,5,Friday,1400,1500,E1-06-08,2013/2014,1
EE5133,1,LECTURE,5,Friday,1800,2100,E1-06-08,2013/2014,1
CS1010E,C08,TUTORIAL,4,Thursday,1200,1300,E1-06-09,2013/2014,1
MA1505,B03,TUTORIAL,5,Friday,1000,1100,E1-06-09,2013/2014,1
CS1010E,A03,TUTORIAL,5,Friday,1400,1500,E1-06-09,2013/2014,1
ES5001B,7,SECTIONAL TEACHING,2,Tuesday,1400,1600,E1-06-10,2013/2014,1
EE1001,T13,TUTORIAL,3,Wednesday,1600,1800,E1-06-10,2013/2014,1
ES2331,9,SECTIONAL TEACHING,4,Thursday,1200,1400,E1-06-10,2013/2014,1
ES1531,E36,SECTIONAL TEACHING,2,Tuesday,1600,1800,E1-06-11,2013/2014,1
EE1001,T15,TUTORIAL,3,Wednesday,1600,1800,E1-06-11,2013/2014,1
ES2331,7,SECTIONAL TEACHING,5,Friday,800,1000,E1-06-11,2013/2014,1
ES1102,A05,SECTIONAL TEACHING,1,Monday,1200,1400,E1-06-12,2013/2014,1
ES1102,A04,SECTIONAL TEACHING,1,Monday,1400,1600,E1-06-12,2013/2014,1
ES1102,A05,SECTIONAL TEACHING,4,Thursday,1200,1400,E1-06-12,2013/2014,1
ES1102,A04,SECTIONAL TEACHING,4,Thursday,1400,1600,E1-06-12,2013/2014,1
ES1531,E12,SECTIONAL TEACHING,1,Monday,1400,1600,E1-06-13,2013/2014,1
EE2024,T4,TUTORIAL,2,Tuesday,1300,1400,E1-06-13,2013/2014,1
EE1001,T12,TUTORIAL,3,Wednesday,1400,1600,E1-06-13,2013/2014,1
ES1531,E13,SECTIONAL TEACHING,3,Wednesday,1600,1800,E1-06-13,2013/2014,1
CE2134,2AB,TUTORIAL,4,Thursday,1100,1200,E1-06-13,2013/2014,1
ES1102,E17,SECTIONAL TEACHING,5,Friday,1400,1600,E1-06-13,2013/2014,1
ES1102,E16,SECTIONAL TEACHING,5,Friday,1600,1800,E1-06-13,2013/2014,1
ES5000,C1,SECTIONAL TEACHING,2,Tuesday,900,1100,E1-06-14,2013/2014,1
ES5001A,R16,SECTIONAL TEACHING,3,Wednesday,1300,1500,E1-06-14,2013/2014,1
ES5001A,R17,SECTIONAL TEACHING,3,Wednesday,1500,1700,E1-06-14,2013/2014,1
ES5001A,R18,SECTIONAL TEACHING,4,Thursday,900,1100,E1-06-14,2013/2014,1
EE1001,T7,TUTORIAL,4,Thursday,1200,1400,E1-06-14,2013/2014,1
ES5001A,R16,SECTIONAL TEACHING,4,Thursday,1400,1600,E1-06-14,2013/2014,1
ES5001A,R17,SECTIONAL TEACHING,4,Thursday,1600,1800,E1-06-14,2013/2014,1
ES5000,C1,SECTIONAL TEACHING,5,Friday,900,1100,E1-06-14,2013/2014,1
ES5001A,R9,SECTIONAL TEACHING,1,Monday,900,1100,E1-06-15,2013/2014,1
ES5001A,R10,SECTIONAL TEACHING,1,Monday,1100,1300,E1-06-15,2013/2014,1
ES5002,14,SECTIONAL TEACHING,2,Tuesday,1300,1500,E1-06-15,2013/2014,1
CE3166,1AB,TUTORIAL,4,Thursday,1700,1800,E1-06-15,2013/2014,1
ES2331,18,SECTIONAL TEACHING,5,Friday,1400,1600,E1-06-15,2013/2014,1
ES5001A,R18,SECTIONAL TEACHING,1,Monday,900,1100,E1-06-16,2013/2014,1
ES5001A,R16,SECTIONAL TEACHING,1,Monday,1400,1600,E1-06-16,2013/2014,1
ES5001A,R17,SECTIONAL TEACHING,1,Monday,1600,1800,E1-06-16,2013/2014,1
ES5001A,R9,SECTIONAL TEACHING,4,Thursday,900,1100,E1-06-16,2013/2014,1
ES5001A,R10,SECTIONAL TEACHING,4,Thursday,1100,1300,E1-06-16,2013/2014,1
ES2331,8,SECTIONAL TEACHING,5,Friday,800,1000,E1-06-16,2013/2014,1
ES1102,E12,SECTIONAL TEACHING,5,Friday,1400,1600,E1-06-16,2013/2014,1
ES1102,E11,SECTIONAL TEACHING,5,Friday,1600,1800,E1-06-16,2013/2014,1
EG2301,1,LECTURE,3,Wednesday,1800,2100,E1A-0303,2013/2014,1
EG2301,4,LABORATORY,4,Thursday,1800,2100,E1A-0303,2013/2014,1
CE3115,G56,TUTORIAL,1,Monday,1400,1500,E2-03-02,2013/2014,1
PC1432,U03,TUTORIAL,3,Wednesday,1500,1600,E2-03-02,2013/2014,1
PC1432,U02,TUTORIAL,4,Thursday,1400,1500,E2-03-02,2013/2014,1
EE6107,1,LECTURE,5,Friday,1800,2100,E2-03-03,2013/2014,1
PC1432,U01,TUTORIAL,2,Tuesday,1100,1200,E2-03-32,2013/2014,1
CE5101,1,LECTURE,2,Tuesday,1800,2100,E2-03-32,2013/2014,1
PC1432,U04,TUTORIAL,3,Wednesday,1500,1600,E2-03-32,2013/2014,1
EE3431C,1,PACKAGED LECTURE,4,Thursday,1200,1400,E2-03-32,2013/2014,1
CS1010E,A06,TUTORIAL,5,Friday,1100,1200,E2-03-32,2013/2014,1
ESP3102,1,LECTURE,3,Wednesday,1200,1300,E3-0301ESP,2013/2014,1
ESP2109,2,LECTURE,5,Friday,1300,1600,E3-0301ESP,2013/2014,1
ESP3102,1,LECTURE,3,Wednesday,1200,1300,E3-0519ESP,2013/2014,1
CS1010E,D11,TUTORIAL,2,Tuesday,1600,1700,E3-06-01,2013/2014,1
MA1505,B05,TUTORIAL,5,Friday,1000,1100,E3-06-01,2013/2014,1
CS1010E,A05,TUTORIAL,5,Friday,1100,1200,E3-06-01,2013/2014,1
ES1531,E04,SECTIONAL TEACHING,1,Monday,1000,1200,E3-06-02,2013/2014,1
EE2024,T5,TUTORIAL,2,Tuesday,1300,1400,E3-06-02,2013/2014,1
ES1531,E37,SECTIONAL TEACHING,2,Tuesday,1600,1800,E3-06-02,2013/2014,1
ESE1001,1,TUTORIAL,4,Thursday,1100,1200,E3-06-02,2013/2014,1
ESE1001,2,TUTORIAL,4,Thursday,1200,1300,E3-06-02,2013/2014,1
ESE1001,3,TUTORIAL,4,Thursday,1300,1400,E3-06-02,2013/2014,1
MA1505,C10,TUTORIAL,4,Thursday,1400,1500,E3-06-02,2013/2014,1
ES1531,E37,SECTIONAL TEACHING,4,Thursday,1600,1800,E3-06-02,2013/2014,1
MT5006,1,LECTURE,4,Thursday,1800,2100,E3-06-02,2013/2014,1
ES2331,17,SECTIONAL TEACHING,5,Friday,1400,1600,E3-06-02,2013/2014,1
CE2155,8AB,TUTORIAL,1,Monday,1200,1300,E3-06-03,2013/2014,1
ES1102,E19,SECTIONAL TEACHING,1,Monday,1600,1800,E3-06-03,2013/2014,1
ES1531,E29,SECTIONAL TEACHING,2,Tuesday,1600,1800,E3-06-03,2013/2014,1
ES1531,E04,SECTIONAL TEACHING,4,Thursday,1000,1200,E3-06-03,2013/2014,1
ES1102,E03,SECTIONAL TEACHING,5,Friday,1100,1300,E3-06-03,2013/2014,1
CS1010E,A14,TUTORIAL,1,Monday,1000,1100,E3-06-04,2013/2014,1
EE1001,T10,TUTORIAL,4,Thursday,1000,1200,E3-06-04,2013/2014,1
CS1010E,C10,TUTORIAL,4,Thursday,1400,1500,E3-06-04,2013/2014,1
MA1505,C14,TUTORIAL,4,Thursday,1500,1600,E3-06-04,2013/2014,1
ESE1001,4,TUTORIAL,5,Friday,1400,1500,E3-06-04,2013/2014,1
EE1001,T11,TUTORIAL,4,Thursday,1000,1200,E3-06-05,2013/2014,1
CE6101,1,LECTURE,1,Monday,1800,2100,E3-06-07,2013/2014,1
ME6505,1,LECTURE,2,Tuesday,1800,2100,E3-06-09,2013/2014,1
EE1001,T12,TUTORIAL,4,Thursday,1000,1200,E3-06-09,2013/2014,1
ES5001B,1,SECTIONAL TEACHING,1,Monday,900,1100,E3-06-10,2013/2014,1
ES5001B,2,SECTIONAL TEACHING,1,Monday,1100,1300,E3-06-10,2013/2014,1
ES1531,E13,SECTIONAL TEACHING,1,Monday,1400,1600,E3-06-10,2013/2014,1
ES2331,17,SECTIONAL TEACHING,2,Tuesday,1400,1600,E3-06-10,2013/2014,1
ES5001B,1,SECTIONAL TEACHING,3,Wednesday,900,1100,E3-06-10,2013/2014,1
ES5001B,2,SECTIONAL TEACHING,3,Wednesday,1100,1300,E3-06-10,2013/2014,1
EE5403,1,LECTURE,3,Wednesday,1800,2100,E3-06-10,2013/2014,1
ES1531,E13,SECTIONAL TEACHING,5,Friday,1400,1600,E3-06-10,2013/2014,1
ES1102,A03,SECTIONAL TEACHING,1,Monday,1200,1400,E3-06-11,2013/2014,1
EE2020,T2,TUTORIAL,1,Monday,1500,1600,E3-06-11,2013/2014,1
EE2020,T3,TUTORIAL,2,Tuesday,1000,1100,E3-06-11,2013/2014,1
ES1531,E27,SECTIONAL TEACHING,2,Tuesday,1600,1800,E3-06-11,2013/2014,1
EE1002,T7,TUTORIAL,4,Thursday,1100,1200,E3-06-11,2013/2014,1
ES2331,12,SECTIONAL TEACHING,4,Thursday,1200,1400,E3-06-11,2013/2014,1
ES1102,A03,SECTIONAL TEACHING,4,Thursday,1400,1600,E3-06-11,2013/2014,1
ES1531,E36,SECTIONAL TEACHING,4,Thursday,1600,1800,E3-06-11,2013/2014,1
EE1002,T9,TUTORIAL,5,Friday,1400,1500,E3-06-11,2013/2014,1
ES1531,E27,SECTIONAL TEACHING,5,Friday,1600,1800,E3-06-11,2013/2014,1
EE6231,1,LECTURE,5,Friday,1800,2100,E3-06-11,2013/2014,1
EE2024,T3,TUTORIAL,1,Monday,1000,1100,E3-06-12,2013/2014,1
ES1531,E14,SECTIONAL TEACHING,1,Monday,1400,1600,E3-06-12,2013/2014,1
ES2331,12,SECTIONAL TEACHING,2,Tuesday,1100,1300,E3-06-12,2013/2014,1
ES5002,7,SECTIONAL TEACHING,2,Tuesday,1300,1500,E3-06-12,2013/2014,1
CE6003,1,LECTURE,2,Tuesday,1800,2100,E3-06-12,2013/2014,1
EE2022,T6,TUTORIAL,3,Wednesday,1500,1600,E3-06-12,2013/2014,1
EE2022,T6,TUTORIAL,3,Wednesday,1600,1700,E3-06-12,2013/2014,1
EE2024,T7,TUTORIAL,4,Thursday,1400,1500,E3-06-12,2013/2014,1
ES5002,7,SECTIONAL TEACHING,5,Friday,1300,1500,E3-06-12,2013/2014,1
EE2020,T10,TUTORIAL,5,Friday,1700,1800,E3-06-12,2013/2014,1
EE2020,T3,TUTORIAL,1,Monday,1100,1200,E3-06-13,2013/2014,1
EE2020,T5,TUTORIAL,2,Tuesday,1000,1100,E3-06-13,2013/2014,1
EE2020,T8,TUTORIAL,2,Tuesday,1100,1200,E3-06-13,2013/2014,1
ES1102,E15,SECTIONAL TEACHING,2,Tuesday,1200,1400,E3-06-13,2013/2014,1
ES1102,E03,SECTIONAL TEACHING,2,Tuesday,1400,1600,E3-06-13,2013/2014,1
CE3115,G78,TUTORIAL,3,Wednesday,1400,1500,E3-06-13,2013/2014,1
EE2020,T10,TUTORIAL,4,Thursday,1100,1200,E3-06-13,2013/2014,1
EE1001,T8,TUTORIAL,4,Thursday,1200,1400,E3-06-13,2013/2014,1
CE3115,G12,TUTORIAL,4,Thursday,1600,1700,E3-06-13,2013/2014,1
EE2022,T8,TUTORIAL,5,Friday,900,1000,E3-06-13,2013/2014,1
ES1531,E12,SECTIONAL TEACHING,5,Friday,1400,1600,E3-06-13,2013/2014,1
EE2022,T3,TUTORIAL,1,Monday,1400,1500,E3-06-14,2013/2014,1
EE1001,T1,TUTORIAL,1,Monday,1500,1700,E3-06-14,2013/2014,1
EE1001,T5,TUTORIAL,3,Wednesday,1200,1400,E3-06-14,2013/2014,1
EE2022,T4,TUTORIAL,3,Wednesday,1500,1600,E3-06-14,2013/2014,1
EE2022,T7,TUTORIAL,3,Wednesday,1600,1700,E3-06-14,2013/2014,1
EE1001,T7,TUTORIAL,4,Thursday,1200,1400,E3-06-14,2013/2014,1
ES2331,5,SECTIONAL TEACHING,5,Friday,800,1000,E3-06-14,2013/2014,1
EE2024,T2,TUTORIAL,1,Monday,1000,1100,E3-06-15,2013/2014,1
ES1102,A03,SECTIONAL TEACHING,1,Monday,1200,1400,E3-06-15,2013/2014,1
EE1001,T2,TUTORIAL,1,Monday,1500,1700,E3-06-15,2013/2014,1
EE2020,T7,TUTORIAL,2,Tuesday,1100,1200,E3-06-15,2013/2014,1
ES2331,5,SECTIONAL TEACHING,2,Tuesday,1600,1800,E3-06-15,2013/2014,1
EE1002,T3,TUTORIAL,3,Wednesday,1100,1200,E3-06-15,2013/2014,1
ES2331,4,SECTIONAL TEACHING,3,Wednesday,1200,1400,E3-06-15,2013/2014,1
EE2022,T5,TUTORIAL,3,Wednesday,1500,1600,E3-06-15,2013/2014,1
EE1002,T5,TUTORIAL,3,Wednesday,1600,1700,E3-06-15,2013/2014,1
EE2020,T9,TUTORIAL,4,Thursday,1100,1200,E3-06-15,2013/2014,1
EG2401,506,TUTORIAL,5,Friday,1200,1300,E3-06-15,2013/2014,1
EG2401,507,TUTORIAL,5,Friday,1300,1400,E3-06-15,2013/2014,1
EE2022,T9,TUTORIAL,5,Friday,1400,1500,E3-06-15,2013/2014,1
EE2020,T11,TUTORIAL,5,Friday,1700,1800,E3-06-15,2013/2014,1
EG1108,06A,LABORATORY,2,Tuesday,900,1200,E4-02-01,2013/2014,1
EG1108,07B,LABORATORY,3,Wednesday,1400,1700,E4-02-01,2013/2014,1
EG1108,11A,LABORATORY,5,Friday,900,1200,E4-02-01,2013/2014,1
ES1531,E15,SECTIONAL TEACHING,1,Monday,1400,1600,E4-04-02,2013/2014,1
ES2331,20,SECTIONAL TEACHING,1,Monday,1600,1800,E4-04-02,2013/2014,1
ES1102,A08,SECTIONAL TEACHING,2,Tuesday,1200,1400,E4-04-02,2013/2014,1
ES1102,E18,SECTIONAL TEACHING,2,Tuesday,1400,1600,E4-04-02,2013/2014,1
ES1102,E04,SECTIONAL TEACHING,2,Tuesday,1600,1800,E4-04-02,2013/2014,1
ES2331,20,SECTIONAL TEACHING,3,Wednesday,1500,1700,E4-04-02,2013/2014,1
ES1102,E04,SECTIONAL TEACHING,5,Friday,1600,1800,E4-04-02,2013/2014,1
EE2024,T7,TUTORIAL,3,Wednesday,1200,1300,E4-04-03,2013/2014,1
MT5901,1,LECTURE,1,Monday,1000,1200,E4-04-04,2013/2014,1
CE2155,1AB,TUTORIAL,1,Monday,1500,1600,E4-04-04,2013/2014,1
PC1432,U01,TUTORIAL,2,Tuesday,1100,1200,E4-04-04,2013/2014,1
ES5001B,7,SECTIONAL TEACHING,4,Thursday,1400,1600,E4-04-04,2013/2014,1
ES1102,A08,SECTIONAL TEACHING,5,Friday,1200,1400,E4-04-04,2013/2014,1
ES1531,E11,SECTIONAL TEACHING,1,Monday,1400,1600,E4-04-05,2013/2014,1
ES1102,A08,SECTIONAL TEACHING,1,Monday,1600,1800,E4-04-05,2013/2014,1
ES1531,E29,SECTIONAL TEACHING,2,Tuesday,1600,1800,E4-04-05,2013/2014,1
ES1531,E11,SECTIONAL TEACHING,3,Wednesday,1200,1400,E4-04-05,2013/2014,1
EE6831,1,LECTURE,3,Wednesday,1800,2100,E4-04-05,2013/2014,1
ES1531,E35,SECTIONAL TEACHING,4,Thursday,1600,1800,E4-04-05,2013/2014,1
ES1531,E29,SECTIONAL TEACHING,5,Friday,1600,1800,E4-04-05,2013/2014,1
ES2331,4,SECTIONAL TEACHING,1,Monday,900,1100,E4-04-06,2013/2014,1
EE2020,T1,TUTORIAL,1,Monday,1500,1600,E4-04-06,2013/2014,1
ES2331,19,SECTIONAL TEACHING,2,Tuesday,1400,1600,E4-04-06,2013/2014,1
EE2024,T6,TUTORIAL,3,Wednesday,1200,1300,E4-04-06,2013/2014,1
MA1505,C08,TUTORIAL,4,Thursday,1400,1500,E4-04-06,2013/2014,1
ES2331,19,SECTIONAL TEACHING,5,Friday,1400,1600,E4-04-06,2013/2014,1
ES1102,E11,SECTIONAL TEACHING,2,Tuesday,1400,1600,E4-04-07,2013/2014,1
ES1102,E12,SECTIONAL TEACHING,2,Tuesday,1600,1800,E4-04-07,2013/2014,1
SC1101E,EO1,TUTORIAL,3,Wednesday,1600,1800,E4-04-07,2013/2014,1
ES5002,7,SECTIONAL TEACHING,5,Friday,1300,1500,E4-04-07,2013/2014,1
CN4217R,1,LECTURE,4,Thursday,1200,1300,E5-02-32,2013/2014,1
CN4217R,1,TUTORIAL,4,Thursday,1300,1400,E5-02-32,2013/2014,1
CN3124,1,LECTURE,4,Thursday,1400,1500,E5-03-19,2013/2014,1
EE3431C,1,PACKAGED LECTURE,2,Tuesday,1200,1400,E5-03-20,2013/2014,1
EE3131C,1,PACKAGED TUTORIAL,4,Thursday,1200,1300,E5-03-20,2013/2014,1
CE6001,1,LECTURE,3,Wednesday,1800,2100,E5-03-21,2013/2014,1
CN4249,1,TUTORIAL,4,Thursday,1100,1200,E5-03-21,2013/2014,1
ES1531,E14,SECTIONAL TEACHING,5,Friday,1400,1600,E5-03-21,2013/2014,1
EE5701,1,LECTURE,5,Friday,1800,2100,E5-03-21,2013/2014,1
ME3101,A31,TUTORIAL,1,Monday,1700,1800,E5-03-22,2013/2014,1
ES1531,E11,SECTIONAL TEACHING,1,Monday,1400,1600,E5-03-23,2013/2014,1
CN1111,2,TUTORIAL,2,Tuesday,900,1000,E5-03-23,2013/2014,1
CN1111,1,TUTORIAL,2,Tuesday,1000,1100,E5-03-23,2013/2014,1
EG2401,205,TUTORIAL,2,Tuesday,1200,1300,E5-03-23,2013/2014,1
EE2011,T5,TUTORIAL,2,Tuesday,1300,1400,E5-03-23,2013/2014,1
EE5517,1,LECTURE,2,Tuesday,1800,2100,E5-03-23,2013/2014,1
EG2401,302,TUTORIAL,3,Wednesday,1000,1100,E5-03-23,2013/2014,1
EG2401,303,TUTORIAL,3,Wednesday,1100,1200,E5-03-23,2013/2014,1
PC1432,C03,TUTORIAL,3,Wednesday,1300,1400,E5-03-23,2013/2014,1
UPC2204,L,LECTURE,5,Friday,1000,1100,E5-03-23,2013/2014,1
ES1531,E29,SECTIONAL TEACHING,5,Friday,1600,1800,E5-03-23,2013/2014,1
BN3301,2,LECTURE,3,Wednesday,1200,1400,EA-02-11,2013/2014,1
TP5027,1,LECTURE,5,Friday,1800,2100,EA-02-11,2013/2014,1
CS1010E,D13,TUTORIAL,2,Tuesday,1600,1700,EA-06-02,2013/2014,1
BN3301,W4,TUTORIAL,5,Friday,1000,1100,EA-06-02,2013/2014,1
BN3301,W5,TUTORIAL,5,Friday,1100,1200,EA-06-02,2013/2014,1
ESE4501,1,LECTURE,2,Tuesday,1500,1800,EA-06-04,2013/2014,1
CS1010E,C16,TUTORIAL,4,Thursday,1000,1100,EA-06-04,2013/2014,1
CE2155,4AB,TUTORIAL,4,Thursday,1100,1200,EA-06-04,2013/2014,1
ESE3101,1,TUTORIAL,5,Friday,1100,1200,EA-06-04,2013/2014,1
ESE3101,2,TUTORIAL,5,Friday,1200,1300,EA-06-04,2013/2014,1
CS1010E,A01,TUTORIAL,5,Friday,1400,1500,EA-06-04,2013/2014,1
CE5101,1,LECTURE,2,Tuesday,1800,2100,EA-06-05,2013/2014,1
ME3101,A11,TUTORIAL,1,Monday,1700,1800,EA-06-06,2013/2014,1
ES5002,7,SECTIONAL TEACHING,2,Tuesday,1300,1500,EA-06-06,2013/2014,1
CS1010E,A09,TUTORIAL,4,Thursday,1600,1700,EA-06-06,2013/2014,1
ES5002,7,SECTIONAL TEACHING,5,Friday,1300,1500,EA-06-06,2013/2014,1
ES5001B,3,SECTIONAL TEACHING,1,Monday,1500,1700,EA-06-07,2013/2014,1
ES5002,11,SECTIONAL TEACHING,2,Tuesday,1000,1200,EA-06-07,2013/2014,1
IE5403,1,LECTURE,2,Tuesday,1800,2100,EA-06-07,2013/2014,1
ES5001B,3,SECTIONAL TEACHING,3,Wednesday,1500,1700,EA-06-07,2013/2014,1
ES1102,E19,SECTIONAL TEACHING,4,Thursday,1400,1600,EA-06-07,2013/2014,1
CS1010E,A10,TUTORIAL,4,Thursday,1600,1700,EA-06-07,2013/2014,1
ES1000,BZ1,SECTIONAL TEACHING,3,Wednesday,1400,1600,ELC-T8,2013/2014,1
ES1000,BZ1,SECTIONAL TEACHING,5,Friday,1400,1600,ELC-T8,2013/2014,1
EE1002,ALL,LECTURE,1,Monday,1000,1200,ENG-AUD,2013/2014,1
CN4201R,1,LECTURE,1,Monday,1600,1800,ENG-AUD,2013/2014,1
CN4201R,1,TUTORIAL,3,Wednesday,1600,1800,ENG-AUD,2013/2014,1
EG2604,1,LECTURE,5,Friday,1000,1200,ENG-AUD,2013/2014,1
EE2031,ALL,LECTURE,5,Friday,1400,1500,ENG-AUD,2013/2014,1
PF1101,6,TUTORIAL,1,Monday,1200,1400,ER1,2013/2014,1
AR3421,2,LECTURE,2,Tuesday,1100,1300,ER1,2013/2014,1
AR3421,5,LECTURE,2,Tuesday,1400,1600,ER1,2013/2014,1
GEK2044,3,TUTORIAL,3,Wednesday,1400,1600,ER1,2013/2014,1
RE4221,2,TUTORIAL,4,Thursday,1600,1800,ER1,2013/2014,1
MUT1121,1,TUTORIAL,1,Monday,1000,1100,ER2,2013/2014,1
MUT1121,2,TUTORIAL,1,Monday,1100,1200,ER2,2013/2014,1
MUA4107,2,SECTIONAL TEACHING,1,Monday,1400,1700,ER3,2013/2014,1
MUA1115,1,SECTIONAL TEACHING,3,Wednesday,1400,1600,ER3,2013/2014,1
AR3421,6,LECTURE,2,Tuesday,1400,1600,ER4,2013/2014,1
AR1327,5,TUTORIAL,2,Tuesday,1600,1800,ER4,2013/2014,1
SSD1203,4,TUTORIAL,1,Monday,1500,1700,ER5,2013/2014,1
RE2103,6,TUTORIAL,4,Thursday,1700,1900,ER5,2013/2014,1
AR5421,17,TUTORIAL,5,Friday,900,1200,ER5,2013/2014,1
PL4218,1,SEMINAR-STYLE MODULE CLASS,1,Monday,900,1200,ERC-ALR,2013/2014,1
PC2230,1,LECTURE,1,Monday,1700,1800,ERC-ALR,2013/2014,1
PL4224,1,SEMINAR-STYLE MODULE CLASS,4,Thursday,900,1200,ERC-ALR,2013/2014,1
PC1433,1,LECTURE,2,Tuesday,900,1200,ERC-GLR,2013/2014,1
ST4241,T1,TUTORIAL,4,Thursday,1000,1100,ERC-GLR,2013/2014,1
IE2110,1,TUTORIAL,4,Thursday,1200,1300,ERC-GLR,2013/2014,1
IE2110,2,TUTORIAL,4,Thursday,1300,1400,ERC-GLR,2013/2014,1
IE2110,3,TUTORIAL,4,Thursday,1400,1500,ERC-GLR,2013/2014,1
ENV1202,L1,SECTIONAL TEACHING,1,Monday,800,1000,ERC-SR1,2013/2014,1
ENV1202,L1,SECTIONAL TEACHING,2,Tuesday,1000,1200,ERC-SR1,2013/2014,1
SP1203,ST11,TUTORIAL,2,Tuesday,1200,1400,ERC-SR1,2013/2014,1
NM3207,W2,TUTORIAL,3,Wednesday,1300,1400,ERC-SR1,2013/2014,1
GEK1049,W3,TUTORIAL,3,Wednesday,1400,1500,ERC-SR1,2013/2014,1
GEK1049,W4,TUTORIAL,3,Wednesday,1500,1600,ERC-SR1,2013/2014,1
ENV1202,L1,SECTIONAL TEACHING,4,Thursday,800,1000,ERC-SR1,2013/2014,1
ENV1202,L1,SECTIONAL TEACHING,5,Friday,1000,1200,ERC-SR1,2013/2014,1
SP1203,ST11,TUTORIAL,5,Friday,1200,1400,ERC-SR1,2013/2014,1
ST3236,T1,TUTORIAL,1,Monday,1000,1100,ERC-SR10,2013/2014,1
ST3236,T2,TUTORIAL,1,Monday,1100,1200,ERC-SR10,2013/2014,1
ST2132,T7,TUTORIAL,4,Thursday,800,900,ERC-SR10,2013/2014,1
ST2132,T1,TUTORIAL,4,Thursday,900,1000,ERC-SR10,2013/2014,1
ST2132,T2,TUTORIAL,4,Thursday,1000,1100,ERC-SR10,2013/2014,1
ST2132,T3,TUTORIAL,4,Thursday,1100,1200,ERC-SR10,2013/2014,1
ST2132,T4,TUTORIAL,4,Thursday,1200,1300,ERC-SR10,2013/2014,1
ST2132,T5,TUTORIAL,4,Thursday,1300,1400,ERC-SR10,2013/2014,1
ST2132,T6,TUTORIAL,4,Thursday,1400,1500,ERC-SR10,2013/2014,1
ST2334,T5,TUTORIAL,5,Friday,1200,1300,ERC-SR10,2013/2014,1
ST2334,T6,TUTORIAL,5,Friday,1300,1400,ERC-SR10,2013/2014,1
EC2102,W02,TUTORIAL,1,Monday,1100,1200,ERC-SR11,2013/2014,1
UWC2101I,1,SEMINAR-STYLE MODULE CLASS,1,Monday,1600,1800,ERC-SR11,2013/2014,1
ENV1202,L2,SECTIONAL TEACHING,2,Tuesday,1000,1200,ERC-SR11,2013/2014,1
SP1203,ST7,TUTORIAL,2,Tuesday,1200,1400,ERC-SR11,2013/2014,1
NM2101,W4,TUTORIAL,3,Wednesday,1300,1400,ERC-SR11,2013/2014,1
ENV1202,L2,SECTIONAL TEACHING,5,Friday,1000,1200,ERC-SR11,2013/2014,1
PC1433,1,TUTORIAL,1,Monday,1000,1200,ERC-SR2,2013/2014,1
ST4233,T1,TUTORIAL,2,Tuesday,1300,1400,ERC-SR2,2013/2014,1
EE3031,L2,LECTURE,2,Tuesday,1800,2100,ERC-SR2,2013/2014,1
ST4233,T2,TUTORIAL,4,Thursday,1300,1400,ERC-SR2,2013/2014,1
GEK1517,T05,TUTORIAL,5,Friday,900,1000,ERC-SR2,2013/2014,1
GEK1517,T06,TUTORIAL,5,Friday,1000,1100,ERC-SR2,2013/2014,1
ST4231,T3,TUTORIAL,2,Tuesday,1200,1300,ERC-SR3,2013/2014,1
PL4214,1,SEMINAR-STYLE MODULE CLASS,2,Tuesday,1500,1800,ERC-SR3,2013/2014,1
EE3031,L3,LECTURE,2,Tuesday,1800,2100,ERC-SR3,2013/2014,1
PL4201,1,SEMINAR-STYLE MODULE CLASS,3,Wednesday,900,1200,ERC-SR3,2013/2014,1
PL4228,1,SEMINAR-STYLE MODULE CLASS,3,Wednesday,1800,2100,ERC-SR3,2013/2014,1
ST4231,T1,TUTORIAL,4,Thursday,1600,1700,ERC-SR3,2013/2014,1
PL4226,1,SEMINAR-STYLE MODULE CLASS,5,Friday,1200,1500,ERC-SR3,2013/2014,1
ST2334,T1,TUTORIAL,1,Monday,1300,1400,ERC-SR8,2013/2014,1
ST3236,T5,TUTORIAL,2,Tuesday,1400,1500,ERC-SR8,2013/2014,1
ST3236,T6,TUTORIAL,2,Tuesday,1500,1600,ERC-SR8,2013/2014,1
ST3236,T7,TUTORIAL,2,Tuesday,1600,1700,ERC-SR8,2013/2014,1
LAG1201,5,LECTURE,3,Wednesday,1000,1200,ERC-SR8,2013/2014,1
ST2334,T2,TUTORIAL,5,Friday,900,1000,ERC-SR8,2013/2014,1
UAR2206,1,SEMINAR-STYLE MODULE CLASS,5,Friday,1600,2000,ERC-SR9CAM,2013/2014,1
GEK2044,1,TUTORIAL,2,Tuesday,1400,1600,ES1,2013/2014,1
PF2301,1,TUTORIAL,3,Wednesday,900,1100,ES1,2013/2014,1
GEK2044,4,TUTORIAL,3,Wednesday,1400,1600,ES1,2013/2014,1
GEK2045,1,TUTORIAL,3,Wednesday,1600,1700,ES1,2013/2014,1
GEK2045,2,TUTORIAL,3,Wednesday,1700,1800,ES1,2013/2014,1
AR5421,13,TUTORIAL,5,Friday,1100,1300,ES1,2013/2014,1
PF2101,4,TUTORIAL,1,Monday,1600,1800,ES2,2013/2014,1
PF3205,1,TUTORIAL,2,Tuesday,900,1100,ES2,2013/2014,1
GEK2044,2,TUTORIAL,2,Tuesday,1400,1600,ES2,2013/2014,1
PF3205,4,TUTORIAL,3,Wednesday,900,1100,ES2,2013/2014,1
AR2221,3,TUTORIAL,3,Wednesday,1600,1700,ES2,2013/2014,1
AR2221,4,TUTORIAL,3,Wednesday,1700,1800,ES2,2013/2014,1
PF2101,6,TUTORIAL,4,Thursday,900,1100,ES2,2013/2014,1
PF1102,8,TUTORIAL,4,Thursday,1100,1300,ES2,2013/2014,1
AR5421,14,TUTORIAL,5,Friday,1100,1300,ES2,2013/2014,1
ESE3201,LA1,LABORATORY,1,Monday,1400,1700,ESE-Lab,2013/2014,1
ESE3401,LA1,LABORATORY,1,Monday,1400,1700,ESE-LAB4,2013/2014,1
LL6030,1,SEMINAR-STYLE MODULE CLASS,3,Wednesday,1900,2100,EXEC-SR,2013/2014,1
RE6007,1,LECTURE,1,Monday,1400,1700,GIS,2013/2014,1
RE6007,1,LECTURE,2,Tuesday,1400,1700,GIS,2013/2014,1
AR5421,2,TUTORIAL,5,Friday,1200,1500,GIS,2013/2014,1
AR5421,5,TUTORIAL,5,Friday,1500,1800,GIS,2013/2014,1
MUT3201C,1,SECTIONAL TEACHING,4,Thursday,1000,1200,GMS,2013/2014,1
BFS1001,A5,SECTIONAL TEACHING,3,Wednesday,1100,1400,HSSMLCR,2013/2014,1
BFS1001,A3,SECTIONAL TEACHING,4,Thursday,1100,1400,HSSMLCR,2013/2014,1
BMA5801,P1,LECTURE,7,Sunday,600,900,HSSMLCR,2013/2014,1
IS2103,1,TUTORIAL,1,Monday,1400,1500,i3-0337,2013/2014,1
IS2103,2,TUTORIAL,1,Monday,1500,1600,i3-0337,2013/2014,1
IS2103,3,TUTORIAL,1,Monday,1600,1700,i3-0337,2013/2014,1
CS2102,10,TUTORIAL,4,Thursday,1000,1200,i3-0345,2013/2014,1
CS2102,9,TUTORIAL,4,Thursday,1200,1400,i3-0345,2013/2014,1
CS1010E,16,LABORATORY,3,Wednesday,1200,1400,i3-0346,2013/2014,1
BT5110,2,TUTORIAL,3,Wednesday,1900,2000,i3-0346,2013/2014,1
BT5110,1,TUTORIAL,4,Thursday,1600,1800,i3-0346,2013/2014,1
CS1010,13,TUTORIAL,5,Friday,1400,1600,i3-0346,2013/2014,1
IT1005,1B,LABORATORY,1,Monday,800,1000,i3-0347,2013/2014,1
IT1005,4B,LABORATORY,2,Tuesday,800,1000,i3-0347,2013/2014,1
CS1010E,17,LABORATORY,3,Wednesday,1200,1400,i3-0347,2013/2014,1
CS2102,6,TUTORIAL,4,Thursday,1200,1400,i3-0347,2013/2014,1
CS1010,20,TUTORIAL,5,Friday,1000,1200,i3-0347,2013/2014,1
CS1010,21,TUTORIAL,5,Friday,1400,1600,i3-0347,2013/2014,1
CS5215,1,LECTURE,1,Monday,1900,2000,i3-Aud,2013/2014,1
EE2031,B8,LABORATORY,2,Tuesday,900,1200,LinELab,2013/2014,1
EE2031,B9,LABORATORY,4,Thursday,900,1200,LinELab,2013/2014,1
LSM3253,SB1,LABORATORY,5,Friday,1400,1800,LSLAB2,2013/2014,1
ESE1001,1,LECTURE,4,Thursday,900,1100,LT1,2013/2014,1
ESE3401,1,LECTURE,4,Thursday,1100,1300,LT1,2013/2014,1
CE3115,1,LECTURE,4,Thursday,1400,1600,LT1,2013/2014,1
ESE1001,1,LECTURE,5,Friday,1300,1400,LT1,2013/2014,1
NM3207,1,LECTURE,2,Tuesday,1000,1200,LT10,2013/2014,1
EC3382,1,LECTURE,2,Tuesday,1800,2000,LT10,2013/2014,1
EC3373,1,LECTURE,3,Wednesday,1400,1600,LT12,2013/2014,1
NM3213,1,LECTURE,5,Friday,1000,1200,LT12,2013/2014,1
PS3240,1,LECTURE,5,Friday,1600,1800,LT12,2013/2014,1
CS3236,1,LECTURE,1,Monday,1400,1600,LT15,2013/2014,1
ACC3606,JX,LECTURE,2,Tuesday,1700,1900,LT18,2013/2014,1
IS5002,1,LECTURE,1,Monday,1900,2000,LT19,2013/2014,1
IS2104,1,LECTURE,2,Tuesday,1500,1800,LT19,2013/2014,1
CS5237,1,LECTURE,3,Wednesday,1900,2000,LT19,2013/2014,1
CE2134,1,LECTURE,2,Tuesday,1100,1200,LT2,2013/2014,1
LSM3252,SL1,LECTURE,2,Tuesday,800,1000,LT20,2013/2014,1
PR3301,SL1,LECTURE,6,Saturday,1000,1300,LT21,2013/2014,1
CN3121,1,LECTURE,4,Thursday,1000,1200,LT25,2013/2014,1
GEK1515,ST1,TUTORIAL,1,Monday,1800,1900,LT26,2013/2014,1
GEM2901,SL1,LECTURE,1,Monday,800,1000,LT27,2013/2014,1
GEM2901,SL1,LECTURE,4,Thursday,800,1000,LT27,2013/2014,1
NUR1117,1,LECTURE,3,Wednesday,900,1000,LT29,2013/2014,1
NUR3103,1,LECTURE,4,Thursday,800,1000,LT29,2013/2014,1
NUR3103,1,LECTURE,5,Friday,1000,1200,LT29,2013/2014,1
CE3166,1,LECTURE,1,Monday,1300,1400,LT3,2013/2014,1
EE3407,1,PACKAGED LECTURE,1,Monday,1400,1600,LT3,2013/2014,1
EE3407,1,PACKAGED TUTORIAL,4,Thursday,1200,1300,LT3,2013/2014,1
SSS1207,SL1,LECTURE,1,Monday,1600,1800,LT32,2013/2014,1
SSS1207,SL1,LECTURE,4,Thursday,1600,1800,LT32,2013/2014,1
EE3032,1,LECTURE,1,Monday,1800,2000,LT4,2013/2014,1
EE3431C,1,PACKAGED LECTURE,2,Tuesday,1200,1400,LT4,2013/2014,1
CE5610,1,LECTURE,2,Tuesday,1800,2100,LT4,2013/2014,1
EE3431C,1,PACKAGED LECTURE,4,Thursday,1200,1400,LT4,2013/2014,1
CE2409,1,LECTURE,1,Monday,900,1100,LT5,2013/2014,1
EE3302,1,PACKAGED TUTORIAL,2,Tuesday,900,1000,LT5,2013/2014,1
EE1002,ALL,LECTURE,5,Friday,800,1000,LT5,2013/2014,1
EE3302,1,PACKAGED LECTURE,5,Friday,1600,1800,LT5,2013/2014,1
ME2103,1,LECTURE,1,Monday,1400,1600,LT7,2013/2014,1
CN3132,1,LECTURE,4,Thursday,900,1000,LT7,2013/2014,1
EC3333,1,LECTURE,2,Tuesday,1200,1400,LT8,2013/2014,1
LAJ1201,2,LECTURE,2,Tuesday,1800,2000,LT9,2013/2014,1
GEK1534,1,LECTURE,3,Wednesday,1400,1600,MD4-03SR,2013/2014,1
GEK1534,1,TUTORIAL,5,Friday,1400,1600,MD4-03SR,2013/2014,1
NUR4101,1,LECTURE,3,Wednesday,1400,1600,MD6-0101A,2013/2014,1
NUR1104,2,TUTORIAL,3,Wednesday,1500,1600,MD6-0201D,2013/2014,1
NUR2114,2,TUTORIAL,3,Wednesday,1600,1800,MD6-0201D,2013/2014,1
NUR1117,3,TUTORIAL,4,Thursday,1000,1200,MD6-0201H,2013/2014,1
NUR1114,1,TUTORIAL,2,Tuesday,800,1000,MD6-0202A,2013/2014,1
UWC2101S,1,SEMINAR-STYLE MODULE CLASS,1,Monday,1000,1200,MLounge,2013/2014,1
UWC2101S,2,SEMINAR-STYLE MODULE CLASS,1,Monday,1400,1600,MLounge,2013/2014,1
PP5801,L1,LECTURE,1,Monday,900,1200,MMSR2-1,2013/2014,1
PP5224,L1,LECTURE,6,Saturday,900,1200,MMSR2-1,2013/2014,1
PP5232,L1,LECTURE,5,Friday,900,1200,MMSR2-3,2013/2014,1
GEM2903,6,SEMINAR-STYLE MODULE CLASS,5,Friday,1600,1800,NAK-AUD,2013/2014,1
GSN6502,1,LECTURE,3,Wednesday,900,1200,NGS-MPR,2013/2014,1
GSN6503,1,LECTURE,5,Friday,900,1200,NGS-MPR,2013/2014,1
NUR4102,1,LECTURE,6,Saturday,800,900,NUR-S4A,2013/2014,1
EE2022,B3,LABORATORY,4,Thursday,1400,1700,POWERLAB,2013/2014,1
EE2022,B4,LABORATORY,5,Friday,1400,1700,POWERLAB,2013/2014,1
EE3032,B1,LABORATORY,2,Tuesday,1400,1700,ProjLab,2013/2014,1
EE3032,B2,LABORATORY,3,Wednesday,1400,1700,ProjLab,2013/2014,1
EE3032,B3,LABORATORY,4,Thursday,1400,1700,ProjLab,2013/2014,1
FE5112D,SL1,LECTURE,1,Monday,900,1200,RMI-SR1,2013/2014,1
FE5112,SL1,LECTURE,1,Monday,1900,2200,RMI-SR1,2013/2014,1
IS4250,1,LECTURE,3,Wednesday,900,1200,RMI-SR1,2013/2014,1
FE5209D,SL1,LECTURE,3,Wednesday,1400,1700,RMI-SR1,2013/2014,1
FE5211,SL1,LECTURE,3,Wednesday,1900,2200,RMI-SR1,2013/2014,1
FE5209,SL1,LECTURE,4,Thursday,1900,2200,RMI-SR1,2013/2014,1
FE5101D,SL1,LECTURE,5,Friday,900,1200,RMI-SR1,2013/2014,1
FE5210,SL1,LECTURE,5,Friday,1900,2200,RMI-SR1,2013/2014,1
MUT1121,1,LECTURE,1,Monday,900,1000,RS,2013/2014,1
MUT4203,1,LECTURE,3,Wednesday,1600,1800,RS,2013/2014,1
GEK2508,ST1,TUTORIAL,1,Monday,1400,1500,S11-0301,2013/2014,1
GEK2508,ST2,TUTORIAL,1,Monday,1500,1600,S11-0301,2013/2014,1
GEK2508,ST3,TUTORIAL,1,Monday,1600,1700,S11-0301,2013/2014,1
PC1325,E11,TUTORIAL,2,Tuesday,900,1000,S11-0301,2013/2014,1
PC1325,E12,TUTORIAL,2,Tuesday,1000,1100,S11-0301,2013/2014,1
PC1325,E13,TUTORIAL,2,Tuesday,1100,1200,S11-0301,2013/2014,1
PC1322,U15,TUTORIAL,3,Wednesday,1000,1100,S11-0301,2013/2014,1
PC1142,T1B,TUTORIAL,3,Wednesday,1100,1200,S11-0301,2013/2014,1
PC1142,T2B,TUTORIAL,3,Wednesday,1200,1300,S11-0301,2013/2014,1
PC1221,T7,TUTORIAL,3,Wednesday,1500,1600,S11-0301,2013/2014,1
PC1142,T3B,TUTORIAL,4,Thursday,1200,1300,S11-0301,2013/2014,1
PC1142,T4B,TUTORIAL,4,Thursday,1300,1400,S11-0301,2013/2014,1
PC1221,T3,TUTORIAL,4,Thursday,1400,1500,S11-0301,2013/2014,1
PC1221,T9,TUTORIAL,4,Thursday,1500,1600,S11-0301,2013/2014,1
PC1142,T5B,TUTORIAL,5,Friday,1100,1200,S11-0301,2013/2014,1
PC1221,T5,TUTORIAL,5,Friday,1400,1500,S11-0301,2013/2014,1
PC1325,E08,TUTORIAL,5,Friday,1500,1600,S11-0301,2013/2014,1
PC1431,U12,LABORATORY,1,Monday,900,1200,S11-0302,2013/2014,1
PC1431,D01,LABORATORY,1,Monday,1400,1700,S11-0302,2013/2014,1
PC1431,D12,LABORATORY,2,Tuesday,900,1200,S11-0302,2013/2014,1
PC1431,A10,LABORATORY,2,Tuesday,1400,1700,S11-0302,2013/2014,1
PC1431,A08,LABORATORY,3,Wednesday,900,1200,S11-0302,2013/2014,1
PC1431,D09,LABORATORY,3,Wednesday,1400,1700,S11-0302,2013/2014,1
PC1431,A13,LABORATORY,4,Thursday,900,1200,S11-0302,2013/2014,1
PC1431,A03,LABORATORY,4,Thursday,1400,1700,S11-0302,2013/2014,1
PC1431,D15,LABORATORY,5,Friday,900,1200,S11-0302,2013/2014,1
PC1431,A06,LABORATORY,5,Friday,1400,1700,S11-0302,2013/2014,1
PC1432,C03,LABORATORY,1,Monday,900,1200,S11-0401,2013/2014,1
PC1432,C06,LABORATORY,1,Monday,1400,1700,S11-0401,2013/2014,1
PC5214,SL1,LECTURE,1,Monday,1800,2000,S11-0401,2013/2014,1
PC1432,U01,LABORATORY,2,Tuesday,900,1200,S11-0401,2013/2014,1
PC1432,U05,LABORATORY,2,Tuesday,1400,1700,S11-0401,2013/2014,1
PC1432,C04,LABORATORY,4,Thursday,1400,1700,S11-0401,2013/2014,1
PC5214,SL1,LECTURE,4,Thursday,1800,2000,S11-0401,2013/2014,1
PC1432,U03,LABORATORY,5,Friday,900,1200,S11-0401,2013/2014,1
PC1432,C02,LABORATORY,5,Friday,1400,1700,S11-0401,2013/2014,1
PC1222,B1,LABORATORY,1,Monday,1400,1700,S12-0402,2013/2014,1
PC1222,B3,LABORATORY,2,Tuesday,1400,1700,S12-0402,2013/2014,1
PC1222,B5,LABORATORY,3,Wednesday,1400,1700,S12-0402,2013/2014,1
PC1222,B8,LABORATORY,4,Thursday,1400,1700,S12-0402,2013/2014,1
PC1326,L11,TUTORIAL,2,Tuesday,1400,1500,S13-0414,2013/2014,1
PC1326,L12,TUTORIAL,2,Tuesday,1500,1600,S13-0414,2013/2014,1
PC1326,L13,TUTORIAL,2,Tuesday,1600,1700,S13-0414,2013/2014,1
PC1222,T5,TUTORIAL,4,Thursday,900,1000,S13-0414,2013/2014,1
PC1222,T6,TUTORIAL,4,Thursday,1000,1100,S13-0414,2013/2014,1
PC2130B,SL1,LECTURE,1,Monday,800,1000,S14-0619,2013/2014,1
BL5234,SL1,LECTURE,1,Monday,1000,1200,S14-0619,2013/2014,1
PC3238,SL1,LECTURE,1,Monday,1400,1600,S14-0619,2013/2014,1
PC2130B,SL1,LECTURE,3,Wednesday,800,1000,S14-0619,2013/2014,1
PC3238,SL1,LECTURE,3,Wednesday,1400,1600,S14-0619,2013/2014,1
BL5234,SL1,LECTURE,4,Thursday,1000,1200,S14-0619,2013/2014,1
CS1010S,1,RECITATION,4,Thursday,1200,1300,S14-0619,2013/2014,1
CS1010S,2,RECITATION,4,Thursday,1300,1400,S14-0619,2013/2014,1
CS1010S,3,RECITATION,5,Friday,1200,1300,S14-0619,2013/2014,1
CS1010S,4,RECITATION,5,Friday,1300,1400,S14-0619,2013/2014,1
BL5207A,SL1,LECTURE,2,Tuesday,800,1000,S14-0620,2013/2014,1
PC3274,SL1,LECTURE,2,Tuesday,1000,1200,S14-0620,2013/2014,1
BL5207A,SL1,LECTURE,5,Friday,800,1000,S14-0620,2013/2014,1
PY1105,ST3,TUTORIAL,5,Friday,1000,1200,S14-0620,2013/2014,1
ES1541,LM1,SECTIONAL TEACHING,1,Monday,800,1000,S16-0202,2013/2014,1
SP1203,ST1,TUTORIAL,2,Tuesday,800,1000,S16-0202,2013/2014,1
SP1203,ST4,TUTORIAL,2,Tuesday,1000,1200,S16-0202,2013/2014,1
PR1101,ST1,TUTORIAL,3,Wednesday,900,1200,S16-0202,2013/2014,1
FMS1223B,SL1,SEMINAR-STYLE MODULE CLASS,3,Wednesday,1600,1800,S16-0202,2013/2014,1
ES1541,LM1,SECTIONAL TEACHING,4,Thursday,800,1000,S16-0202,2013/2014,1
SP1203,ST1,TUTORIAL,5,Friday,800,1000,S16-0202,2013/2014,1
SP1203,ST4,TUTORIAL,5,Friday,1000,1200,S16-0202,2013/2014,1
ST1232,T4,TUTORIAL,2,Tuesday,900,1000,S16-0307,2013/2014,1
PC3274,SL1,LECTURE,2,Tuesday,1000,1200,S16-0307,2013/2014,1
PY1105,ST3,TUTORIAL,5,Friday,1000,1200,S16-0307,2013/2014,1
SP1202,S1,SECTIONAL TEACHING,2,Tuesday,1000,1200,S16-0309,2013/2014,1
CM5198,SL2,SEMINAR-STYLE MODULE CLASS,2,Tuesday,1800,2000,S16-0309,2013/2014,1
ST1232,T9,TUTORIAL,4,Thursday,1100,1200,S16-0309,2013/2014,1
SP1202,S1,SECTIONAL TEACHING,5,Friday,1000,1200,S16-0309,2013/2014,1
ES1102,S07,SECTIONAL TEACHING,5,Friday,1200,1400,S16-0309,2013/2014,1
CM5198,SL1,SEMINAR-STYLE MODULE CLASS,5,Friday,1800,2000,S16-0309,2013/2014,1
ES1541,PT3,SECTIONAL TEACHING,2,Tuesday,1000,1200,S16-03ALR,2013/2014,1
ES1541,CA4,SECTIONAL TEACHING,2,Tuesday,1200,1400,S16-03ALR,2013/2014,1
ES1541,PT3,SECTIONAL TEACHING,5,Friday,1000,1200,S16-03ALR,2013/2014,1
ES1541,CA4,SECTIONAL TEACHING,5,Friday,1200,1400,S16-03ALR,2013/2014,1
LSM4266,SL1,LECTURE,3,Wednesday,800,1200,S16-0430,2013/2014,1
PY1105,ST3,TUTORIAL,5,Friday,1000,1200,S16-0430,2013/2014,1
MA3265,SL1,LECTURE,5,Friday,1200,1400,S16-0430,2013/2014,1
ST1232,T1,TUTORIAL,2,Tuesday,900,1000,S16-0431,2013/2014,1
MA1311,T01,TUTORIAL,4,Thursday,900,1000,S16-0431,2013/2014,1
MA2101,T08,TUTORIAL,5,Friday,900,1000,S16-0431,2013/2014,1
MA2311,T03,TUTORIAL,5,Friday,1500,1600,S16-0431,2013/2014,1
MA1421,T03,TUTORIAL,2,Tuesday,1400,1500,S16-0433,2013/2014,1
MA1421,T04,TUTORIAL,2,Tuesday,1500,1600,S16-0433,2013/2014,1
MA1421,T05,TUTORIAL,4,Thursday,1300,1400,S16-0433,2013/2014,1
MA1421,T06,TUTORIAL,4,Thursday,1400,1500,S16-0433,2013/2014,1
MA1421,T07,TUTORIAL,4,Thursday,1500,1600,S16-0433,2013/2014,1
ES2007S,4,SECTIONAL TEACHING,1,Monday,1400,1600,S16-0435,2013/2014,1
SP1203,ST2,TUTORIAL,2,Tuesday,800,1000,S16-0435,2013/2014,1
SP1203,ST6,TUTORIAL,2,Tuesday,1000,1200,S16-0435,2013/2014,1
ES1102,S07,SECTIONAL TEACHING,2,Tuesday,1200,1400,S16-0435,2013/2014,1
ES2007S,4,SECTIONAL TEACHING,4,Thursday,1400,1600,S16-0435,2013/2014,1
SP1203,ST2,TUTORIAL,5,Friday,800,1000,S16-0435,2013/2014,1
SP1203,ST6,TUTORIAL,5,Friday,1000,1200,S16-0435,2013/2014,1
PC3235,SL1,LECTURE,1,Monday,800,1000,S16-0436,2013/2014,1
ES2007S,5,SECTIONAL TEACHING,2,Tuesday,1000,1200,S16-0436,2013/2014,1
PR1101,ST2,TUTORIAL,3,Wednesday,900,1200,S16-0436,2013/2014,1
PR1101,ST2,TUTORIAL,3,Wednesday,1400,1700,S16-0436,2013/2014,1
PC3235,SL1,LECTURE,4,Thursday,800,1000,S16-0436,2013/2014,1
ES2007S,5,SECTIONAL TEACHING,5,Friday,1000,1200,S16-0436,2013/2014,1
ES1000,S4,SECTIONAL TEACHING,1,Monday,1000,1200,S16-0437,2013/2014,1
SP1203,ST3,TUTORIAL,2,Tuesday,800,1000,S16-0437,2013/2014,1
ES1102,S12,SECTIONAL TEACHING,2,Tuesday,1000,1200,S16-0437,2013/2014,1
ES2007S,7,SECTIONAL TEACHING,2,Tuesday,1200,1400,S16-0437,2013/2014,1
BL5198,SL1,SEMINAR-STYLE MODULE CLASS,3,Wednesday,1400,1800,S16-0437,2013/2014,1
ES1000,S4,SECTIONAL TEACHING,4,Thursday,1000,1200,S16-0437,2013/2014,1
SP1203,ST3,TUTORIAL,5,Friday,800,1000,S16-0437,2013/2014,1
ES1102,S12,SECTIONAL TEACHING,5,Friday,1000,1200,S16-0437,2013/2014,1
ES2007S,7,SECTIONAL TEACHING,5,Friday,1200,1400,S16-0437,2013/2014,1
ES2007S,3,SECTIONAL TEACHING,1,Monday,1200,1400,S16-0440,2013/2014,1
ES2007S,4,SECTIONAL TEACHING,1,Monday,1400,1600,S16-0440,2013/2014,1
SP1203,ST10,TUTORIAL,2,Tuesday,800,1000,S16-0440,2013/2014,1
SP1203,ST5,TUTORIAL,2,Tuesday,1000,1200,S16-0440,2013/2014,1
ES2007S,8,SECTIONAL TEACHING,2,Tuesday,1200,1400,S16-0440,2013/2014,1
GEM1903,ST1,TUTORIAL,4,Thursday,1400,1600,S16-0440,2013/2014,1
GEM1903,ST2,TUTORIAL,4,Thursday,1600,1800,S16-0440,2013/2014,1
SP1203,ST10,TUTORIAL,5,Friday,800,1000,S16-0440,2013/2014,1
SP1203,ST5,TUTORIAL,5,Friday,1000,1200,S16-0440,2013/2014,1
ES2007S,8,SECTIONAL TEACHING,5,Friday,1200,1400,S16-0440,2013/2014,1
ST1131,T1,TUTORIAL,1,Monday,1300,1400,S16-05101,2013/2014,1
ST1131,T1,TUTORIAL,1,Monday,1400,1500,S16-05101,2013/2014,1
ST1131,T2,TUTORIAL,1,Monday,1500,1600,S16-05101,2013/2014,1
ST1131,T4,TUTORIAL,1,Monday,1600,1700,S16-05101,2013/2014,1
ST1131,T5,TUTORIAL,2,Tuesday,900,1000,S16-05101,2013/2014,1
ST1131,T6,TUTORIAL,2,Tuesday,1000,1100,S16-05101,2013/2014,1
ST3233,T3,TUTORIAL,2,Tuesday,1100,1200,S16-05101,2013/2014,1
ST1131,T8,TUTORIAL,2,Tuesday,1200,1300,S16-05101,2013/2014,1
ST3233,T1,TUTORIAL,2,Tuesday,1300,1400,S16-05101,2013/2014,1
ST1131,T10,TUTORIAL,2,Tuesday,1600,1700,S16-05101,2013/2014,1
ST3246,T3,TUTORIAL,4,Thursday,800,900,S16-05101,2013/2014,1
ST1131,T11,TUTORIAL,4,Thursday,900,1000,S16-05101,2013/2014,1
ST1131,T12,TUTORIAL,4,Thursday,1200,1300,S16-05101,2013/2014,1
ST1131,T13,TUTORIAL,4,Thursday,1300,1400,S16-05101,2013/2014,1
ST1131,T14,TUTORIAL,4,Thursday,1400,1500,S16-05101,2013/2014,1
ST1131,T15,TUTORIAL,4,Thursday,1500,1600,S16-05101,2013/2014,1
ST1131,T16,TUTORIAL,4,Thursday,1600,1700,S16-05101,2013/2014,1
ST1131,T17,TUTORIAL,5,Friday,900,1000,S16-05101,2013/2014,1
ST1131,T18,TUTORIAL,5,Friday,1000,1100,S16-05101,2013/2014,1
ST3233,T2,TUTORIAL,5,Friday,1300,1400,S16-05101,2013/2014,1
ST2132,T7,TUTORIAL,1,Monday,1700,1800,S16-06118,2013/2014,1
ST5221,SL1,LECTURE,4,Thursday,1900,2100,S16-06118,2013/2014,1
ST5221,ST1,TUTORIAL,4,Thursday,2100,2200,S16-06118,2013/2014,1
ST5223,SL1,LECTURE,5,Friday,1400,1600,S16-06118,2013/2014,1
ST5223,ST1,TUTORIAL,5,Friday,1600,1700,S16-06118,2013/2014,1
SP1202,S1,SECTIONAL TEACHING,2,Tuesday,1000,1200,S16-0903,2013/2014,1
SP1202,S1,SECTIONAL TEACHING,5,Friday,1000,1200,S16-0903,2013/2014,1
MA5243,SL1,LECTURE,1,Monday,900,1100,S17-0404,2013/2014,1
MA4269,T01,TUTORIAL,1,Monday,1100,1200,S17-0404,2013/2014,1
MA4269,T05,TUTORIAL,3,Wednesday,1300,1400,S17-0404,2013/2014,1
MA4269,T06,TUTORIAL,3,Wednesday,1400,1500,S17-0404,2013/2014,1
QF5205,SL1,LECTURE,3,Wednesday,1900,2200,S17-0404,2013/2014,1
MA4264,T03,TUTORIAL,4,Thursday,900,1000,S17-0404,2013/2014,1
MA4264,T04,TUTORIAL,4,Thursday,1000,1100,S17-0404,2013/2014,1
MA3111,T03,TUTORIAL,4,Thursday,1700,1800,S17-0404,2013/2014,1
QF5205,SL1,LECTURE,4,Thursday,1900,2200,S17-0404,2013/2014,1
MA4257,T06,TUTORIAL,5,Friday,1300,1400,S17-0404,2013/2014,1
MA1421,T12,TUTORIAL,5,Friday,1600,1700,S17-0404,2013/2014,1
MA3220,T01,TUTORIAL,1,Monday,800,900,S17-0405,2013/2014,1
MA3265,T01,TUTORIAL,1,Monday,1000,1100,S17-0405,2013/2014,1
MA4235,T02,TUTORIAL,2,Tuesday,1400,1500,S17-0405,2013/2014,1
MA6220,SL1,LECTURE,2,Tuesday,1900,2200,S17-0405,2013/2014,1
MA1421,T05,TUTORIAL,2,Tuesday,1700,1800,S17-0406,2013/2014,1
MA4235,T03,TUTORIAL,5,Friday,1500,1600,S17-0406,2013/2014,1
MA5243,SL1,LECTURE,1,Monday,900,1100,S17-0512,2013/2014,1
MA5252,SL1,LECTURE,1,Monday,1400,1600,S17-0512,2013/2014,1
MA4235,T02,TUTORIAL,1,Monday,1800,1900,S17-0512,2013/2014,1
MA6206,SL1,LECTURE,1,Monday,1900,2200,S17-0512,2013/2014,1
MA5203,SL1,LECTURE,2,Tuesday,1000,1200,S17-0512,2013/2014,1
MA6220,SL1,LECTURE,2,Tuesday,1900,2200,S17-0512,2013/2014,1
MA5243,SL1,LECTURE,4,Thursday,800,1000,S17-0512,2013/2014,1
MA5252,SL1,LECTURE,4,Thursday,1400,1600,S17-0512,2013/2014,1
MA1101R,T15,TUTORIAL,4,Thursday,1600,1700,S17-0512,2013/2014,1
MA1101R,T16,TUTORIAL,4,Thursday,1700,1800,S17-0512,2013/2014,1
MA5203,SL1,LECTURE,5,Friday,1000,1200,S17-0512,2013/2014,1
MA2202S,SL1,LECTURE,2,Tuesday,1400,1600,S17-0611,2013/2014,1
MA2202S,T01,TUTORIAL,2,Tuesday,1600,1700,S17-0611,2013/2014,1
MA2202S,SL1,LECTURE,5,Friday,1400,1600,S17-0611,2013/2014,1
MA2202S,T01,TUTORIAL,5,Friday,1600,1700,S17-0611,2013/2014,1
PR3101,SB1,LABORATORY,2,Tuesday,1400,1700,S1A-0217,2013/2014,1
LSM3253,SL1,LECTURE,3,Wednesday,800,1000,S1A-0217,2013/2014,1
PR3101,SB2,LABORATORY,5,Friday,1400,1700,S1A-0217,2013/2014,1
PR2101,SB1,LABORATORY,3,Wednesday,900,1200,S4-0103,2013/2014,1
PR2101,SB2,LABORATORY,3,Wednesday,1400,1700,S4-0103,2013/2014,1
PR2101,SB1,LABORATORY,3,Wednesday,900,1200,S4-04Lab,2013/2014,1
PR2101,SB2,LABORATORY,3,Wednesday,1400,1700,S4-04Lab,2013/2014,1
PR5219,SL1,LECTURE,2,Tuesday,1800,2000,S4-0516,2013/2014,1
PR2101,SB1,LABORATORY,3,Wednesday,900,1200,S4A-02Lab,2013/2014,1
PR2101,SB2,LABORATORY,3,Wednesday,1400,1700,S4A-02Lab,2013/2014,1
PR1101,ST3,TUTORIAL,3,Wednesday,900,1200,S4A-0308,2013/2014,1
PR1101,ST3,TUTORIAL,3,Wednesday,1400,1700,S4A-0308,2013/2014,1
CM1131,TU4,TUTORIAL,2,Tuesday,1400,1500,S5-0224,2013/2014,1
CM1131,TU5,TUTORIAL,2,Tuesday,1500,1600,S5-0224,2013/2014,1
CM3231,TH3,TUTORIAL,4,Thursday,1300,1400,S9-0513,2013/2014,1
CM3231,TH4,TUTORIAL,4,Thursday,1400,1500,S9-0513,2013/2014,1
SP1202,MT,SECTIONAL TEACHING,1,Monday,800,1000,S9A-0101,2013/2014,1
ES1000,S1,SECTIONAL TEACHING,1,Monday,1000,1200,S9A-0101,2013/2014,1
ES1102,S08,SECTIONAL TEACHING,1,Monday,1600,1800,S9A-0101,2013/2014,1
SP1202,TF,SECTIONAL TEACHING,2,Tuesday,800,1000,S9A-0101,2013/2014,1
ES1102,S08,SECTIONAL TEACHING,2,Tuesday,1600,1800,S9A-0101,2013/2014,1
SP1202,MT,SECTIONAL TEACHING,4,Thursday,800,1000,S9A-0101,2013/2014,1
ES1000,S1,SECTIONAL TEACHING,4,Thursday,1000,1200,S9A-0101,2013/2014,1
ES1102,S08,SECTIONAL TEACHING,4,Thursday,1600,1800,S9A-0101,2013/2014,1
SP1202,TF,SECTIONAL TEACHING,5,Friday,800,1000,S9A-0101,2013/2014,1
ES1102,S08,SECTIONAL TEACHING,5,Friday,1600,1800,S9A-0101,2013/2014,1
ES1102,S01,SECTIONAL TEACHING,1,Monday,1000,1200,S9A-0103,2013/2014,1
ES1541,LT4,SECTIONAL TEACHING,2,Tuesday,800,1000,S9A-0103,2013/2014,1
ES2007S,7,SECTIONAL TEACHING,2,Tuesday,1200,1400,S9A-0103,2013/2014,1
ES1102,S01,SECTIONAL TEACHING,4,Thursday,1000,1200,S9A-0103,2013/2014,1
ES1541,LT4,SECTIONAL TEACHING,5,Friday,800,1000,S9A-0103,2013/2014,1
ES2007S,7,SECTIONAL TEACHING,5,Friday,1200,1400,S9A-0103,2013/2014,1
AR5142,7,LECTURE,6,Saturday,2200,2400,SDE-DV3,2013/2014,1
AR5141,8,LECTURE,7,Sunday,2200,2400,SDE-DV3,2013/2014,1
SP3175,ST1,TUTORIAL,3,Wednesday,1600,1800,SPSLab,2013/2014,1
MNO3303,D1,SECTIONAL TEACHING,2,Tuesday,800,1100,SR@LT19,2013/2014,1
MNO3301,C2,SECTIONAL TEACHING,2,Tuesday,1100,1400,SR@LT19,2013/2014,1
MNO3303,D2,SECTIONAL TEACHING,2,Tuesday,1400,1700,SR@LT19,2013/2014,1
CS6880,1,LECTURE,5,Friday,900,1100,SR@LT19,2013/2014,1
CS5201,1,LECTURE,7,Sunday,2200,2400,SR@LT19,2013/2014,1
MUA3212,1,SECTIONAL TEACHING,2,Tuesday,1400,1500,SR1,2013/2014,1
RE1105,3,TUTORIAL,1,Monday,1500,1700,SR10,2013/2014,1
AR1327,1,TUTORIAL,2,Tuesday,1600,1800,SR10,2013/2014,1
AR5421,1,TUTORIAL,3,Wednesday,1400,1600,SR10,2013/2014,1
RE1102,1,TUTORIAL,3,Wednesday,1600,1800,SR10,2013/2014,1
RE3101,5,TUTORIAL,5,Friday,1000,1200,SR10,2013/2014,1
PF2401,2,TUTORIAL,5,Friday,1200,1400,SR10,2013/2014,1
AR5421,3,TUTORIAL,5,Friday,1600,1800,SR10,2013/2014,1
RE3101,3,TUTORIAL,1,Monday,1400,1600,SR11,2013/2014,1
AR3421,3,LECTURE,2,Tuesday,1100,1300,SR11,2013/2014,1
ES2007D,R10,SECTIONAL TEACHING,2,Tuesday,1400,1600,SR11,2013/2014,1
AR1327,2,TUTORIAL,2,Tuesday,1600,1800,SR11,2013/2014,1
AR5421,2,TUTORIAL,3,Wednesday,1400,1600,SR11,2013/2014,1
RE4221,1,TUTORIAL,4,Thursday,1600,1800,SR11,2013/2014,1
ES2007D,R10,SECTIONAL TEACHING,5,Friday,1200,1400,SR11,2013/2014,1
AR2222,3,TUTORIAL,5,Friday,1400,1500,SR11,2013/2014,1
AR2222,4,TUTORIAL,5,Friday,1500,1600,SR11,2013/2014,1
AR3421,5,LECTURE,2,Tuesday,1400,1600,SR12,2013/2014,1
RE3302,1,TUTORIAL,2,Tuesday,1600,1800,SR12,2013/2014,1
RE2102,6,TUTORIAL,3,Wednesday,1500,1700,SR12,2013/2014,1
AR5421,16,TUTORIAL,5,Friday,1400,1600,SR12,2013/2014,1
AR5321,2,TUTORIAL,5,Friday,1600,1800,SR12,2013/2014,1
RE1101,5,TUTORIAL,1,Monday,1600,1800,SR13,2013/2014,1
ID1223,1,DESIGN LECTURE,2,Tuesday,900,1300,SR13,2013/2014,1
RE6006,1,LECTURE,2,Tuesday,1400,1700,SR13,2013/2014,1
AR5421,7,TUTORIAL,3,Wednesday,1400,1600,SR13,2013/2014,1
RE4204,1,TUTORIAL,5,Friday,900,1100,SR13,2013/2014,1
RE4222,4,TUTORIAL,1,Monday,1000,1200,SR14,2013/2014,1
AR5011,1,TUTORIAL,3,Wednesday,1600,1800,SR14,2013/2014,1
DE4201,2,TUTORIAL,4,Thursday,1100,1300,SR14,2013/2014,1
RE2101,6,TUTORIAL,5,Friday,1600,1800,SR14,2013/2014,1
PF3101,1,TUTORIAL,2,Tuesday,1600,1800,SR15,2013/2014,1
EM1001,1,SECTIONAL TEACHING,2,Tuesday,900,1100,SR2,2013/2014,1
EM1202,3,SECTIONAL TEACHING,2,Tuesday,1600,1800,SR2,2013/2014,1
MUT1121,9,TUTORIAL,4,Thursday,900,1000,SR2,2013/2014,1
MUT1121,10,TUTORIAL,4,Thursday,1000,1100,SR2,2013/2014,1
MUT3204,1,SECTIONAL TEACHING,5,Friday,1400,1600,SR2,2013/2014,1
LC5112,1,SEMINAR-STYLE MODULE CLASS,1,Monday,1200,1500,SR3,2013/2014,1
MUT3202,1,SECTIONAL TEACHING,5,Friday,1000,1200,SR3,2013/2014,1
EM1001,1,SECTIONAL TEACHING,1,Monday,1000,1200,SR4,2013/2014,1
RE6007,1,LECTURE,1,Monday,1400,1700,SR4,2013/2014,1
MUT3113,1,SECTIONAL TEACHING,2,Tuesday,1000,1200,SR4,2013/2014,1
EM1002,1,SECTIONAL TEACHING,2,Tuesday,1600,1800,SR4,2013/2014,1
AR4222,1,TUTORIAL,3,Wednesday,900,1100,SR4,2013/2014,1
ES2007D,R3,SECTIONAL TEACHING,3,Wednesday,1200,1400,SR4,2013/2014,1
ES2007D,R4,SECTIONAL TEACHING,3,Wednesday,1400,1600,SR4,2013/2014,1
GEK2045,3,TUTORIAL,3,Wednesday,1700,1800,SR4,2013/2014,1
EM1002,1,SECTIONAL TEACHING,4,Thursday,900,1100,SR4,2013/2014,1
AR5421,11,TUTORIAL,5,Friday,1100,1300,SR4,2013/2014,1
AR2222,5,TUTORIAL,5,Friday,1400,1500,SR4,2013/2014,1
AR2222,6,TUTORIAL,5,Friday,1500,1600,SR4,2013/2014,1
LL6223,1,SEMINAR-STYLE MODULE CLASS,2,Tuesday,1900,2100,SR4-1,2013/2014,1
LC2004,5,TUTORIAL,3,Wednesday,900,1100,SR4-1,2013/2014,1
LC2004,6,TUTORIAL,3,Wednesday,1100,1300,SR4-1,2013/2014,1
LL6223,1,SEMINAR-STYLE MODULE CLASS,4,Thursday,1900,2100,SR4-1,2013/2014,1
LL6223,1,SEMINAR-STYLE MODULE CLASS,5,Friday,1900,2100,SR4-1,2013/2014,1
LLD5049,1,SEMINAR-STYLE MODULE CLASS,4,Thursday,1900,2100,SR4-2,2013/2014,1
LL6070,1,SEMINAR-STYLE MODULE CLASS,2,Tuesday,1500,1800,SR4-3,2013/2014,1
LL6029,1,SEMINAR-STYLE MODULE CLASS,3,Wednesday,900,1200,SR4-3,2013/2014,1
LC2001D,1,SEMINAR-STYLE MODULE CLASS,4,Thursday,1500,1800,SR4-3,2013/2014,1
LL6185,1,SEMINAR-STYLE MODULE CLASS,6,Saturday,900,1200,SR4-3,2013/2014,1
GEK1054,2,TUTORIAL,2,Tuesday,1200,1400,SR5,2013/2014,1
ES1000,D2,SECTIONAL TEACHING,2,Tuesday,1400,1600,SR5,2013/2014,1
GEK2044,2,TUTORIAL,2,Tuesday,1600,1800,SR5,2013/2014,1
ES2007D,R1,SECTIONAL TEACHING,3,Wednesday,900,1100,SR5,2013/2014,1
AR5421,12,TUTORIAL,5,Friday,1100,1300,SR5,2013/2014,1
AR2221,7,TUTORIAL,5,Friday,1500,1600,SR5,2013/2014,1
AR2221,6,TUTORIAL,5,Friday,1600,1700,SR5,2013/2014,1
LC3001A,6,TUTORIAL,4,Thursday,900,1200,SR5-1,2013/2014,1
LL6097,1,SEMINAR-STYLE MODULE CLASS,1,Monday,1500,1800,SR5-2,2013/2014,1
LL6032,1,SEMINAR-STYLE MODULE CLASS,1,Monday,1900,2100,SR5-2,2013/2014,1
LL6032,1,SEMINAR-STYLE MODULE CLASS,3,Wednesday,1900,2100,SR5-2,2013/2014,1
LL6032,1,SEMINAR-STYLE MODULE CLASS,5,Friday,1500,1700,SR5-2,2013/2014,1
LL6072B,1,SEMINAR-STYLE MODULE CLASS,1,Monday,1900,2100,SR5-4,2013/2014,1
LL6224,1,SEMINAR-STYLE MODULE CLASS,2,Tuesday,1900,2100,SR5-4,2013/2014,1
LL6072B,1,SEMINAR-STYLE MODULE CLASS,3,Wednesday,1900,2100,SR5-4,2013/2014,1
LL6224,1,SEMINAR-STYLE MODULE CLASS,4,Thursday,1900,2100,SR5-4,2013/2014,1
LL6072B,1,SEMINAR-STYLE MODULE CLASS,5,Friday,1500,1700,SR5-4,2013/2014,1
LL6224,1,SEMINAR-STYLE MODULE CLASS,5,Friday,1900,2100,SR5-4,2013/2014,1
LL4032,1,SEMINAR-STYLE MODULE CLASS,1,Monday,1900,2100,SR5-5,2013/2014,1
ES2007D,R1,SECTIONAL TEACHING,1,Monday,900,1100,SR6,2013/2014,1
EM1201,1,SECTIONAL TEACHING,2,Tuesday,1100,1300,SR6,2013/2014,1
EM1202,3,SECTIONAL TEACHING,2,Tuesday,1600,1800,SR6,2013/2014,1
GEK2044,3,TUTORIAL,3,Wednesday,1100,1300,SR6,2013/2014,1
AR5421,6,TUTORIAL,3,Wednesday,1400,1600,SR6,2013/2014,1
EM1201,1,SECTIONAL TEACHING,4,Thursday,1100,1300,SR6,2013/2014,1
ID4103,2,DESIGN LECTURE,4,Thursday,1400,1800,SR6,2013/2014,1
AR2223,1,TUTORIAL,5,Friday,900,1000,SR6,2013/2014,1
AR2223,2,TUTORIAL,5,Friday,1000,1100,SR6,2013/2014,1
AR5321,4,TUTORIAL,5,Friday,1600,1800,SR6,2013/2014,1
MUA3274,1,SECTIONAL TEACHING,1,Monday,1400,1600,SR7,2013/2014,1
RE3101,2,TUTORIAL,2,Tuesday,900,1100,SR7,2013/2014,1
MUT1121,3,TUTORIAL,2,Tuesday,1200,1300,SR7,2013/2014,1
MUT1121,4,TUTORIAL,2,Tuesday,1300,1400,SR7,2013/2014,1
MUT1121,5,TUTORIAL,2,Tuesday,1400,1500,SR7,2013/2014,1
AR1327,4,TUTORIAL,2,Tuesday,1600,1800,SR7,2013/2014,1
ES2007D,R5,SECTIONAL TEACHING,3,Wednesday,1100,1300,SR7,2013/2014,1
MUA3274,1,SECTIONAL TEACHING,3,Wednesday,1400,1600,SR7,2013/2014,1
AR5421,9,TUTORIAL,5,Friday,1100,1300,SR7,2013/2014,1
AR2222,1,TUTORIAL,5,Friday,1400,1500,SR7,2013/2014,1
AR2222,2,TUTORIAL,5,Friday,1500,1600,SR7,2013/2014,1
PF2106,2,TUTORIAL,1,Monday,1600,1800,SR8,2013/2014,1
EM1202,1,SECTIONAL TEACHING,2,Tuesday,1100,1300,SR8,2013/2014,1
AR1327,3,TUTORIAL,2,Tuesday,1600,1800,SR8,2013/2014,1
PF2106,5,TUTORIAL,3,Wednesday,900,1100,SR8,2013/2014,1
EM1202,2,SECTIONAL TEACHING,3,Wednesday,1400,1600,SR8,2013/2014,1
MUA3111,1,SECTIONAL TEACHING,4,Thursday,900,1100,SR8,2013/2014,1
EM1202,1,SECTIONAL TEACHING,4,Thursday,1100,1300,SR8,2013/2014,1
PF2106,4,TUTORIAL,4,Thursday,1400,1600,SR8,2013/2014,1
AR2222,8,TUTORIAL,5,Friday,1500,1600,SR8,2013/2014,1
MUT2118,1,LECTURE,6,Saturday,2200,2300,SR8,2013/2014,1
PF4202,3,TUTORIAL,1,Monday,1400,1600,SR9,2013/2014,1
AR5421,5,TUTORIAL,3,Wednesday,1400,1600,SR9,2013/2014,1
PF4202,2,TUTORIAL,4,Thursday,1100,1300,SR9,2013/2014,1
